date,consommation_totale_kwh,consommation_moyenne_kwh,temp_moyenne_c,temp_min_c,temp_max_c,degres_jour_chauffage,nb_releves,part_lignes_imputees_pct,annee,mois,jour,jour_semaine,weekend,jour_annee,saison_automne,saison_ete,saison_hiver,saison_printemps,conso_lag_1,conso_lag_7,conso_rolling_7,conso_rolling_14,split
2024-01-15,21376.94,30.538485714285713,3.407485714285714,-0.5760285714285713,8.599842857142857,13.592514285714286,700,14.571428571428571,2024,1,15,0,0,15,False,False,True,False,17120.185,21736.21,20245.40142857143,20061.844285714287,train
2024-01-16,21189.22,30.27031428571429,3.7332428571428573,-0.3488285714285714,8.199385714285714,13.266757142857141,700,15.142857142857144,2024,1,16,1,0,16,False,False,True,False,21376.94,21479.265,20194.077142857142,20077.64892857143,train
2024-01-17,21965.8,31.379714285714286,1.3454714285714287,-1.3024,6.372985714285715,15.654528571428571,700,16.142857142857142,2024,1,17,2,0,17,False,False,True,False,21189.22,21349.29,20152.64214285714,20076.225357142856,train
2024-01-18,21103.435,30.14776428571429,4.807028571428572,0.6690857142857143,9.361642857142856,12.192971428571429,700,14.285714285714285,2024,1,18,3,0,18,False,False,True,False,21965.8,21407.125,20240.715,20148.801785714288,train
2024-01-19,20888.26,29.840371428571427,4.918628571428571,1.8709857142857145,10.353814285714286,12.08137142857143,700,13.714285714285715,2024,1,19,4,0,19,False,False,True,False,21103.435,21587.37,20197.330714285716,20118.21642857143,train
2024-01-20,17158.29,24.51184285714286,2.8862285714285716,-0.8180571428571428,8.005,14.113771428571427,700,10.285714285714285,2024,1,20,5,1,20,False,False,True,False,20888.26,17038.365,20097.457857142854,20088.619642857142,train
2024-01-21,16919.92,24.171314285714285,3.6525857142857143,-0.22667142857142852,8.396785714285715,13.347414285714287,700,10.571428571428571,2024,1,21,6,1,21,False,False,True,False,17158.29,17120.185,20114.59,20120.505714285715,train
2024-01-22,21583.82,30.834028571428572,2.5182714285714285,-0.5184142857142858,7.903042857142857,14.481728571428572,700,15.142857142857144,2024,1,22,0,0,22,False,False,True,False,16919.92,21376.94,20085.980714285713,20165.69107142857,train
2024-01-23,21480.51,30.686442857142854,3.2545999999999995,-1.5896142857142856,8.117214285714287,13.7454,700,15.0,2024,1,23,1,0,23,False,False,True,False,21583.82,21189.22,20115.535,20154.80607142857,train
2024-01-24,21208.065,30.297235714285712,4.0297285714285715,-0.3850857142857143,8.852057142857142,12.97027142857143,700,13.428571428571429,2024,1,24,2,0,24,False,False,True,False,21480.51,21965.8,20157.147857142852,20154.894999999997,train
2024-01-25,21609.83,30.871185714285716,2.6765142857142856,-1.5649142857142857,6.867328571428572,14.323485714285715,700,14.714285714285714,2024,1,25,3,0,25,False,False,True,False,21208.065,21103.435,20048.899999999998,20144.8075,train
2024-01-26,20953.235,29.933192857142856,4.9662999999999995,0.638457142857143,10.770328571428571,12.0337,700,14.285714285714285,2024,1,26,4,0,26,False,False,True,False,21609.83,20888.26,20121.242142857143,20159.286428571428,train
2024-01-27,17138.15,24.48307142857143,2.7397,-1.0179714285714285,7.993028571428571,14.260299999999999,700,11.0,2024,1,27,5,1,27,False,False,True,False,20953.235,17158.29,20130.524285714284,20113.991071428572,train
2024-01-28,17025.98,24.32282857142857,3.0134857142857143,-0.45875714285714286,9.013057142857143,13.986514285714286,700,10.285714285714285,2024,1,28,6,1,28,False,False,True,False,17138.15,16919.92,20127.647142857142,20121.118571428575,train
2024-01-29,21441.915,30.631307142857143,3.1805,-0.07304285714285713,9.266357142857142,13.8195,700,15.285714285714286,2024,1,29,0,0,29,False,False,True,False,17025.98,21583.82,20142.79857142857,20114.389642857142,train
2024-01-30,21453.03,30.647185714285712,2.9678857142857145,-1.856328571428571,8.2574,14.032114285714284,700,15.571428571428573,2024,1,30,1,0,30,False,False,True,False,21441.915,21480.51,20122.52642857143,20119.030714285713,train
2024-01-31,21392.8,30.561142857142855,3.5376000000000003,-1.423442857142857,8.418042857142858,13.4624,700,14.000000000000002,2024,1,31,2,0,31,False,False,True,False,21453.03,21208.065,20118.600714285716,20137.874285714286,train
2024-02-01,21266.81,30.381157142857145,3.4538285714285712,-0.6179714285714285,9.281085714285714,13.546171428571428,700,15.428571428571427,2024,2,1,3,0,32,False,False,True,False,21392.8,21609.83,20144.99142857143,20096.945714285714,train
2024-02-02,21430.735,30.615335714285717,3.059471428571429,-1.734257142857143,8.523128571428572,13.940528571428572,700,14.714285714285714,2024,2,2,4,0,33,False,False,True,False,21266.81,20953.235,20095.98857142857,20108.615357142855,train
2024-02-03,16861.915,24.08845,2.8621857142857143,-0.5560142857142857,8.038528571428571,14.137814285714285,700,10.428571428571429,2024,2,3,5,1,34,False,False,True,False,21430.735,17138.15,20164.202857142856,20147.36357142857,train
2024-02-04,17080.03,24.400042857142857,2.8732285714285712,-0.3629285714285715,7.5531428571428565,14.126771428571429,700,11.285714285714285,2024,2,4,6,1,35,False,False,True,False,16861.915,17025.98,20124.740714285716,20126.19392857143,train
2024-02-05,21054.46,30.0778,4.238428571428572,1.2735714285714286,10.104185714285714,12.761571428571429,700,13.571428571428571,2024,2,5,0,0,36,False,False,True,False,17080.03,21441.915,20132.46214285714,20137.630357142854,train
2024-02-06,21101.815,30.145449999999997,4.026471428571428,-0.45551428571428576,9.865414285714285,12.97352857142857,700,15.142857142857144,2024,2,6,1,0,37,False,False,True,False,21054.46,21453.03,20077.11142857143,20099.818928571425,train
2024-02-07,21180.48,30.257828571428572,3.6613285714285713,0.10578571428571432,9.3877,13.338671428571429,700,14.285714285714285,2024,2,7,2,0,38,False,False,True,False,21101.815,21392.8,20026.937857142857,20072.769285714283,train
2024-02-08,20689.579999999998,29.556542857142855,5.064857142857143,-0.6682,10.59252857142857,11.935142857142857,700,14.714285714285714,2024,2,8,3,0,39,False,False,True,False,21180.48,21266.81,19996.606428571427,20070.79892857143,train
2024-02-09,20864.29,29.806128571428573,4.535528571428571,0.6231857142857143,9.064214285714286,12.464471428571427,700,14.428571428571429,2024,2,9,4,0,40,False,False,True,False,20689.579999999998,21430.735,19914.144999999997,20005.066785714287,train
2024-02-10,17145.48,24.493542857142856,2.457957142857143,-2.662757142857143,6.990857142857143,14.542042857142858,700,10.714285714285714,2024,2,10,5,1,41,False,False,True,False,20864.29,16861.915,19833.22428571429,19998.713571428572,train
2024-02-11,16032.825,22.904035714285715,5.3586285714285715,1.9281714285714286,10.7728,11.641371428571428,700,11.285714285714285,2024,2,11,6,1,42,False,False,True,False,17145.48,17080.03,19873.73357142857,19999.237142857142,train
2024-02-12,21156.329999999998,30.223328571428567,4.095971428571429,-1.0505285714285715,9.043657142857143,12.90402857142857,700,14.285714285714285,2024,2,12,0,0,43,False,False,True,False,16032.825,21054.46,19724.132857142857,19928.297499999997,train
2024-02-13,21518.015,30.740021428571428,3.1566428571428573,-1.510257142857143,8.764314285714285,13.843357142857144,700,15.0,2024,2,13,1,0,44,False,False,True,False,21156.329999999998,21101.815,19738.68571428571,19907.898571428574,train
2024-02-14,20520.035,29.314335714285715,5.7647571428571425,1.5843,11.613585714285714,11.235242857142858,700,13.857142857142858,2024,2,14,2,0,45,False,False,True,False,21518.015,21180.48,19798.14285714286,19912.540357142858,train
2024-02-15,21315.16,30.45022857142857,3.631857142857143,-0.8071857142857143,7.6210571428571425,13.368142857142859,700,13.857142857142858,2024,2,15,3,0,46,False,False,True,False,20520.035,20689.579999999998,19703.79357142857,19850.2,train
2024-02-16,20781.985,29.68855,5.406685714285714,1.020257142857143,10.497157142857143,11.593314285714285,700,14.285714285714285,2024,2,16,4,0,47,False,False,True,False,21315.16,20864.29,19793.162142857145,19853.653571428575,train
2024-02-17,16645.465,23.779235714285715,3.8433428571428574,0.7206142857142857,7.827071428571428,13.156657142857142,700,11.0,2024,2,17,5,1,48,False,False,True,False,20781.985,17145.48,19781.40428571429,19807.31428571429,train
2024-02-18,16906.24,24.15177142857143,3.472385714285714,-0.4390714285714285,7.672385714285714,13.527614285714286,700,11.285714285714285,2024,2,18,6,1,49,False,False,True,False,16645.465,16032.825,19709.97357142857,19791.85357142857,train
2024-02-19,21029.565,30.042235714285713,4.8225428571428575,1.0198285714285715,9.99627142857143,12.177457142857142,700,12.857142857142856,2024,2,19,0,0,50,False,False,True,False,16906.24,21156.329999999998,19834.74714285714,19779.44,train
2024-02-20,20669.425,29.527749999999997,5.754314285714286,1.1854142857142858,9.84967142857143,11.245685714285713,700,13.428571428571429,2024,2,20,1,0,51,False,False,True,False,21029.565,21518.015,19816.637857142858,19777.66178571429,train
2024-02-21,20561.005,29.372864285714286,6.244757142857143,2.3316285714285714,10.951471428571429,10.755242857142857,700,13.285714285714286,2024,2,21,2,0,52,False,False,True,False,20669.425,20520.035,19695.410714285714,19746.776785714286,train
2024-02-22,20713.52,29.590742857142857,5.342314285714285,0.7959285714285714,9.822614285714286,11.657685714285714,700,14.857142857142858,2024,2,22,3,0,53,False,False,True,False,20561.005,21315.16,19701.26357142857,19702.528571428575,train
2024-02-23,21176.955,30.25279285714286,3.8696714285714284,-0.1704142857142857,8.661271428571428,13.13032857142857,700,15.285714285714286,2024,2,23,4,0,54,False,False,True,False,20713.52,20781.985,19615.315000000002,19704.23857142857,train
2024-02-24,16138.055,23.054364285714286,4.987642857142857,1.1049285714285715,10.258885714285714,12.012357142857143,700,10.285714285714285,2024,2,24,5,1,55,False,False,True,False,21176.955,16645.465,19671.739285714284,19726.571785714284,train
2024-02-25,16489.435,23.556335714285716,4.412785714285714,-0.6883,8.69902857142857,12.587214285714285,700,11.285714285714285,2024,2,25,6,1,56,False,False,True,False,16138.055,16906.24,19599.252142857145,19654.61285714286,train
2024-02-26,20474.65,29.2495,5.9153714285714285,1.8112714285714286,10.936771428571427,11.08462857142857,700,14.285714285714285,2024,2,26,0,0,57,False,False,True,False,16489.435,21029.565,19539.70857142857,19687.227857142858,train
2024-02-27,20723.865,29.605521428571432,5.085485714285714,0.5919285714285714,10.138685714285714,11.914514285714285,700,14.857142857142858,2024,2,27,1,0,58,False,False,True,False,20474.65,20669.425,19460.435,19638.536428571428,train
2024-02-28,20906.98,29.867114285714287,5.3970142857142855,0.8990857142857143,11.509485714285715,11.602985714285715,700,13.0,2024,2,28,2,0,59,False,False,True,False,20723.865,20561.005,19468.212142857144,19581.81142857143,train
2024-02-29,20906.17,29.86595714285714,4.892185714285715,0.16241428571428576,9.474714285714287,12.107814285714285,700,13.571428571428571,2024,2,29,3,0,60,False,False,True,False,20906.98,20713.52,19517.637142857147,19609.450357142858,train
2024-03-01,19924.13,28.46304285714286,7.197585714285715,2.5931714285714285,11.97787142857143,9.802414285714285,700,13.142857142857142,2024,3,1,4,0,61,False,False,False,True,20906.17,21176.955,19545.158571428572,19580.236785714285,train
2024-03-02,15399.05,21.998642857142855,6.328028571428571,1.5988857142857142,12.321942857142856,10.671971428571428,700,10.428571428571429,2024,3,2,5,1,62,False,False,False,True,19924.13,16138.055,19366.183571428573,19518.96142857143,train
2024-03-03,15359.67,21.942385714285713,6.253171428571429,1.7222285714285714,11.98027142857143,10.746828571428571,700,10.0,2024,3,3,6,1,63,False,False,False,True,15399.05,16489.435,19260.61142857143,19429.931785714285,train
2024-03-04,20624.935,29.46419285714286,5.0507285714285715,0.7815857142857143,10.538985714285714,11.949271428571429,700,12.857142857142856,2024,3,4,0,0,64,False,False,False,True,15359.67,20474.65,19099.216428571428,19319.4625,train
2024-03-05,20411.92,29.15988571428571,6.002457142857144,1.6515999999999997,11.024199999999999,10.997542857142857,700,11.857142857142858,2024,3,5,1,0,65,False,False,False,True,20624.935,20723.865,19120.68571428571,19290.56035714286,train
2024-03-06,20232.325,28.90332142857143,5.7727571428571425,1.8092428571428572,12.033642857142858,11.227242857142857,700,13.714285714285715,2024,3,6,2,0,66,False,False,False,True,20411.92,20906.98,19076.12214285714,19272.16714285714,train
2024-03-07,20069.99,28.671414285714288,7.017842857142857,2.6216142857142857,11.373142857142858,9.982157142857144,700,12.571428571428573,2024,3,7,3,0,67,False,False,False,True,20232.325,20906.17,18979.742857142857,19248.69,train
2024-03-08,20405.49,29.150700000000004,4.841642857142857,0.7579714285714286,9.734885714285715,12.158357142857144,700,14.285714285714285,2024,3,8,4,0,68,False,False,False,True,20069.99,19924.13,18860.288571428573,19202.72357142857,train
2024-03-09,16232.545,23.18935,4.564728571428572,-0.05058571428571436,9.050214285714286,12.43527142857143,700,11.0,2024,3,9,5,1,69,False,False,False,True,20405.49,15399.05,18929.054285714286,19147.618928571428,train
2024-03-10,15169.835,21.671192857142856,7.254728571428572,4.280785714285714,12.432542857142858,9.745271428571428,700,10.285714285714285,2024,3,10,6,1,70,False,False,False,True,16232.545,15359.67,19048.125,19154.36821428571,train
2024-03-11,19714.905,28.16415,7.228957142857143,2.3071571428571427,13.554214285714286,9.771042857142858,700,12.571428571428573,2024,3,11,0,0,71,False,False,False,True,15169.835,20624.935,19021.005714285715,19060.11107142857,train
2024-03-12,20011.3,28.587571428571426,7.372028571428571,2.975271428571429,12.027642857142858,9.627971428571428,700,12.857142857142856,2024,3,12,1,0,72,False,False,False,True,19714.905,20411.92,18891.00142857143,19005.84357142857,train
2024-03-13,19706.615,28.152307142857143,6.911228571428571,2.838857142857143,11.941971428571428,10.088771428571429,700,13.428571428571429,2024,3,13,2,0,73,False,False,False,True,20011.3,20232.325,18833.77,18954.94607142857,train
2024-03-14,20003.135,28.57590714285714,6.636342857142856,2.101857142857143,11.77102857142857,10.363657142857143,700,12.571428571428573,2024,3,14,3,0,74,False,False,False,True,19706.615,20069.99,18758.66857142857,18869.205714285716,train
2024-03-15,19695.21,28.136014285714285,8.011700000000001,3.5714571428571427,13.869614285714285,8.988299999999999,700,13.285714285714286,2024,3,15,4,0,75,False,False,False,True,20003.135,20405.49,18749.117857142857,18804.703214285713,train
2024-03-16,14747.075,21.06725,8.238885714285715,3.5197857142857143,13.353871428571427,8.761114285714285,700,10.857142857142858,2024,3,16,5,1,76,False,False,False,True,19695.21,16232.545,18647.649285714284,18788.351785714283,train
2024-03-17,14912.35,21.303357142857145,7.3591,2.084257142857143,12.316785714285714,9.6409,700,11.0,2024,3,17,6,1,77,False,False,False,True,14747.075,15169.835,18435.439285714285,18741.782142857144,train
2024-03-18,19412.1,27.731571428571428,8.308857142857143,5.042685714285715,13.7124,8.691142857142857,700,12.428571428571429,2024,3,18,0,0,78,False,False,False,True,14912.35,19714.905,18398.655714285716,18709.830714285716,train
2024-03-19,19765.165,28.235950000000003,7.4878857142857145,3.9086857142857143,12.523085714285713,9.512114285714286,700,11.857142857142858,2024,3,19,1,0,79,False,False,False,True,19412.1,20011.3,18355.397857142856,18623.199642857144,train
2024-03-20,20275.385,28.964835714285712,6.2059,2.7337285714285713,12.49392857142857,10.7941,700,13.285714285714286,2024,3,20,2,0,80,False,False,False,True,19765.165,19706.615,18320.235714285714,18577.00285714286,train
2024-03-21,18950.865,27.07266428571429,9.020514285714285,3.8468857142857145,14.564528571428571,7.9794857142857145,700,12.142857142857142,2024,3,21,3,0,81,False,False,False,True,20275.385,20003.135,18401.48857142857,18580.07857142857,train
2024-03-22,19681.835,28.11690714285714,7.911057142857143,2.7952142857142857,13.258457142857143,9.088942857142857,700,13.857142857142858,2024,3,22,4,0,82,False,False,False,True,18950.865,19695.21,18251.164285714283,18500.14107142857,train
2024-03-23,15278.26,21.826085714285714,7.074514285714286,2.9287714285714284,11.217671428571428,9.925485714285715,700,10.571428571428571,2024,3,23,5,1,83,False,False,False,True,19681.835,14747.075,18249.25357142857,18448.45142857143,train
2024-03-24,14244.425,20.34917857142857,9.162585714285713,4.820228571428571,14.133285714285714,7.837414285714285,700,9.714285714285714,2024,3,24,6,1,84,False,False,False,True,15278.26,14912.35,18325.13714285714,18380.288214285716,train
2024-03-25,19311.715,27.588164285714285,8.267,3.447714285714286,12.2351,8.733,700,12.714285714285714,2024,3,25,0,0,85,False,False,False,True,14244.425,19412.1,18229.719285714284,18314.1875,train
2024-03-26,19683.405,28.119149999999998,7.412614285714286,3.3005285714285715,12.68482857142857,9.587385714285714,700,12.714285714285714,2024,3,26,1,0,86,False,False,False,True,19311.715,19765.165,18215.37857142857,18285.388214285715,train
2024-03-27,19303.805,27.576864285714286,8.627728571428571,4.698885714285715,13.234214285714287,8.372271428571429,700,12.142857142857142,2024,3,27,2,0,87,False,False,False,True,19683.405,20275.385,18203.69857142857,18261.967142857142,train
2024-03-28,19006.725,27.152464285714284,9.529271428571429,5.794071428571429,15.300514285714286,7.470728571428571,700,12.714285714285714,2024,3,28,3,0,88,False,False,False,True,19303.805,18950.865,18064.90142857143,18233.195,train
2024-03-29,19753.13,28.218757142857143,7.498857142857142,2.8663857142857143,12.546642857142857,9.501142857142858,700,13.142857142857142,2024,3,29,4,0,89,False,False,False,True,19006.725,19681.835,18072.88142857143,18162.022857142856,train
2024-03-30,14533.39,20.761985714285714,9.009871428571428,4.313171428571429,14.596442857142858,7.9901285714285715,700,10.428571428571429,2024,3,30,5,1,90,False,False,False,True,19753.13,15278.26,18083.066428571427,18166.16,train
2024-03-31,14571.17,20.815957142857144,8.938228571428573,4.561942857142857,13.271314285714286,8.061771428571427,700,10.571428571428571,2024,3,31,6,1,91,False,False,False,True,14533.39,14244.425,17976.65642857143,18150.896785714285,train
2024-04-01,18761.954999999998,26.802792857142855,9.542757142857143,5.7157285714285715,13.984457142857142,7.457242857142857,700,12.285714285714286,2024,4,1,0,0,92,False,False,False,True,14571.17,19311.715,18023.334285714285,18126.526785714286,train
2024-04-02,18425.025,26.32146428571429,10.7121,7.654614285714285,15.700571428571427,6.2879,700,11.714285714285715,2024,4,2,1,0,93,False,False,False,True,18761.954999999998,19683.405,17944.797142857144,18080.087857142855,train
2024-04-03,18456.64,26.36662857142857,10.460842857142858,6.412942857142857,14.445514285714287,6.5391571428571424,700,12.285714285714286,2024,4,3,2,0,94,False,False,False,True,18425.025,19303.805,17765.028571428567,17984.36357142857,train
2024-04-04,18660.08,26.657257142857144,10.220285714285714,5.679714285714286,13.409857142857142,6.779714285714286,700,11.0,2024,4,4,3,0,95,False,False,False,True,18456.64,19006.725,17644.005,17854.453214285713,train
2024-04-05,18524.43,26.463471428571427,10.459314285714285,7.1066142857142856,16.00037142857143,6.540685714285715,700,11.428571428571429,2024,4,5,4,0,96,False,False,False,True,18660.08,19753.13,17594.484285714283,17833.682857142856,train
2024-04-06,13901.625,19.859464285714285,9.922828571428571,5.351814285714286,16.3077,7.077171428571429,700,10.428571428571429,2024,4,6,5,1,97,False,False,False,True,18524.43,14533.39,17418.955714285716,17751.011071428573,train
2024-04-07,14267.195,20.38170714285714,9.548257142857143,5.181114285714286,14.378242857142858,7.4517428571428574,700,10.571428571428571,2024,4,7,6,1,98,False,False,False,True,13901.625,14571.17,17328.70357142857,17652.68,train
2024-04-08,18191.46,25.9878,11.1482,7.011400000000001,17.201171428571428,5.8518,700,11.142857142857142,2024,4,8,0,0,99,False,False,False,True,14267.195,18761.954999999998,17285.278571428575,17654.306428571428,train
2024-04-09,18670.13,26.671614285714288,9.957814285714287,6.364285714285714,14.59982857142857,7.042185714285714,700,12.571428571428573,2024,4,9,1,0,100,False,False,False,True,18191.46,18425.025,17203.779285714285,17574.288214285716,train
2024-04-10,17977.215,25.681735714285715,12.066514285714286,7.601814285714285,17.150185714285712,4.933485714285713,700,11.571428571428571,2024,4,10,2,0,101,False,False,False,True,18670.13,18456.64,17238.794285714284,17501.911428571428,train
2024-04-11,17839.97,25.48567142857143,12.04657142857143,8.177771428571427,17.280285714285714,4.953428571428572,700,11.142857142857142,2024,4,11,3,0,102,False,False,False,True,17977.215,18660.08,17170.305,17407.155000000002,train
2024-04-12,18275.25,26.1075,10.7113,6.930285714285714,16.630185714285712,6.2946285714285715,700,11.428571428571429,2024,4,12,4,0,103,False,False,False,True,17839.97,18524.43,17053.14642857143,17323.81535714286,train
2024-04-13,13450.72,19.215314285714285,11.460657142857142,6.960157142857143,17.08267142857143,5.539342857142857,700,10.857142857142858,2024,4,13,5,1,104,False,False,False,True,18275.25,13901.625,17017.549285714285,17218.2525,train
2024-04-14,13073.17,18.675957142857143,11.63797142857143,9.03667142857143,17.606185714285715,5.362028571428572,700,9.857142857142858,2024,4,14,6,1,105,False,False,False,True,13450.72,14267.195,16953.134285714284,17140.918928571427,train
2024-04-15,17249.204999999998,24.641721428571426,13.197014285714285,8.826257142857143,18.521257142857145,3.8029857142857146,700,10.857142857142858,2024,4,15,0,0,106,False,False,False,True,13073.17,18191.46,16782.559285714284,17033.918928571427,train
2024-04-16,17556.115,25.08016428571429,12.84635714285714,9.273685714285714,18.31962857142857,4.284728571428572,700,11.714285714285715,2024,4,16,1,0,107,False,False,False,True,17249.204999999998,18670.13,16647.95142857143,16925.865357142855,train
2024-04-17,18045.01,25.77858571428571,11.663585714285714,7.332114285714285,16.123285714285714,5.336414285714286,700,11.857142857142858,2024,4,17,2,0,108,False,False,False,True,17556.115,17977.215,16488.806428571428,16863.800357142856,train
2024-04-18,17474.475,24.96353571428571,12.797099999999999,8.593828571428572,18.181428571428572,4.2029,700,11.571428571428571,2024,4,18,3,0,109,False,False,False,True,18045.01,17839.97,16498.49142857143,16834.398214285717,train
2024-04-19,18295.995,26.137135714285712,11.460928571428571,7.384042857142857,15.993500000000001,5.539071428571429,700,11.285714285714285,2024,4,19,4,0,110,False,False,False,True,17474.475,18275.25,16446.277857142857,16749.712142857144,train
2024-04-20,12988.56,18.555085714285713,12.130557142857144,8.005814285714285,16.894414285714287,4.870857142857143,700,10.428571428571429,2024,4,20,5,1,111,False,False,False,True,18295.995,13450.72,16449.24142857143,16733.395357142857,train
2024-04-21,12280.73,17.5439,14.492542857142858,9.794771428571428,19.276685714285716,2.7902571428571425,700,9.571428571428571,2024,4,21,6,1,112,False,False,False,True,12988.56,13073.17,16383.218571428572,16668.176428571427,train
2024-04-22,17717.13,25.310185714285716,12.443242857142858,9.554471428571429,17.507571428571428,4.556757142857143,700,11.0,2024,4,22,0,0,113,False,False,False,True,12280.73,17249.204999999998,16270.012857142856,16526.28607142857,train
2024-04-23,17083.675,24.40525,13.98707142857143,9.3131,18.937428571428573,3.0129285714285716,700,11.285714285714285,2024,4,23,1,0,114,False,False,False,True,17717.13,17556.115,16336.859285714283,16492.405357142856,train
2024-04-24,18112.0,25.874285714285715,11.878671428571428,8.809271428571428,16.889857142857142,5.133728571428572,700,11.285714285714285,2024,4,24,2,0,115,False,False,False,True,17083.675,18045.01,16269.367857142857,16379.087142857143,train
2024-04-25,17795.32,25.421885714285715,12.11647142857143,9.079857142857142,18.116185714285713,4.883528571428571,700,11.285714285714285,2024,4,25,3,0,116,False,False,False,True,18112.0,17474.475,16278.937857142855,16388.714642857143,train
2024-04-26,16990.395,24.27199285714286,13.632914285714284,9.6019,19.131914285714284,3.3670857142857145,700,11.428571428571429,2024,4,26,4,0,117,False,False,False,True,17795.32,18295.995,16324.772857142858,16385.525357142855,train
2024-04-27,12609.165,18.01309285714286,13.389242857142856,9.38272857142857,18.395,3.610757142857143,700,9.857142857142858,2024,4,27,5,1,118,False,False,False,True,16990.395,12988.56,16138.25857142857,16293.75,train
2024-04-28,12736.16,18.194514285714284,12.785542857142856,8.892885714285713,17.574114285714284,4.2144571428571425,700,10.857142857142858,2024,4,28,6,1,119,False,False,False,True,12609.165,12280.73,16084.059285714286,16233.638928571429,train
2024-04-29,17354.79,24.792557142857145,13.389757142857142,8.920314285714285,18.84182857142857,3.610242857142857,700,11.142857142857142,2024,4,29,0,0,120,False,False,False,True,12736.16,17717.13,16149.120714285715,16209.566785714285,train
2024-04-30,17330.955,24.758507142857145,13.610214285714285,9.5759,18.613028571428572,3.389785714285714,700,11.142857142857142,2024,4,30,1,0,121,False,False,False,True,17354.79,17083.675,16097.357857142855,16217.108571428571,train
2024-05-01,16721.555,23.887935714285714,14.134342857142858,9.616942857142856,20.470342857142857,2.9261714285714286,700,10.857142857142858,2024,5,1,2,0,122,False,False,False,True,17330.955,18112.0,16132.683571428572,16201.025714285715,train
2024-05-02,16987.83,24.268328571428572,13.499414285714286,9.698485714285715,18.096785714285716,3.9093142857142857,700,11.285714285714285,2024,5,2,3,0,123,False,False,False,True,16721.555,17795.32,15934.048571428573,16106.493214285714,train
2024-05-03,16068.65,22.955214285714284,15.553714285714285,12.430514285714285,20.098414285714284,1.6802000000000001,700,11.285714285714285,2024,5,3,4,0,124,False,False,False,True,16987.83,16990.395,15818.692857142858,16071.732857142855,train
2024-05-04,12116.78,17.309685714285717,15.041142857142857,11.405071428571429,20.963228571428573,2.356514285714286,700,10.571428571428571,2024,5,4,5,1,125,False,False,False,True,16068.65,12609.165,15687.015000000001,15912.636785714287,train
2024-05-05,11625.32,16.607599999999998,15.613457142857143,11.96492857142857,20.5889,1.6841571428571434,700,10.571428571428571,2024,5,5,6,1,126,False,False,False,True,12116.78,12736.16,15616.674285714285,15850.366785714286,train
2024-05-06,16192.19,23.131700000000002,14.996442857142858,10.886357142857143,21.84815714285714,2.003557142857143,700,10.428571428571429,2024,5,6,0,0,127,False,False,False,True,11625.32,17354.79,15457.982857142857,15803.551785714286,train
2024-05-07,16831.475,24.044964285714283,13.985014285714286,9.450157142857144,18.9152,3.0308571428571427,700,12.285714285714286,2024,5,7,1,0,128,False,False,False,True,16192.19,17330.955,15291.897142857144,15694.6275,train
2024-05-08,16250.625,23.21517857142857,15.584171428571429,11.248357142857143,20.47452857142857,1.5123714285714283,700,10.428571428571429,2024,5,8,2,0,129,False,False,False,True,16831.475,16721.555,15220.542857142858,15676.613214285713,train
2024-05-09,15936.56,22.766514285714283,16.589585714285715,12.964314285714286,21.1435,1.2425428571428574,700,10.428571428571429,2024,5,9,3,0,130,False,False,False,True,16250.625,16987.83,15153.267142857143,15543.657857142856,train
2024-05-10,15759.645,22.51377857142857,16.733999999999998,13.10387142857143,20.93822857142857,0.9400571428571426,700,10.428571428571429,2024,5,10,4,0,131,False,False,False,True,15936.56,16068.65,15003.085714285713,15410.889285714287,train
2024-05-11,11493.405,16.419150000000002,16.082285714285714,11.645914285714285,21.585900000000002,1.092914285714286,700,10.428571428571429,2024,5,11,5,1,132,False,False,False,True,15759.645,12116.78,14958.942142857142,15322.97857142857,train
2024-05-12,11400.925,16.287035714285715,16.3393,12.053899999999999,21.393771428571426,1.0129428571428571,700,11.0,2024,5,12,6,1,133,False,False,False,True,11493.405,11625.32,14869.888571428572,15243.281428571428,train
2024-05-13,15674.4,22.392,16.7453,12.738985714285716,21.7027,1.1213571428571425,700,10.857142857142858,2024,5,13,0,0,134,False,False,False,True,11400.925,16192.19,14837.832142857142,15147.907500000001,train
2024-05-14,15724.675,22.46382142857143,17.784985714285714,13.009842857142857,23.68781428571429,0.5159428571428574,700,10.142857142857142,2024,5,14,1,0,135,False,False,False,True,15674.4,16831.475,14763.86214285714,15027.879642857142,train
2024-05-15,16180.93,23.115614285714287,15.80042857142857,10.847157142857144,20.721285714285713,1.6738428571428572,700,10.571428571428571,2024,5,15,2,0,136,False,False,False,True,15724.675,16250.625,14605.747857142856,14913.145357142856,train
2024-05-16,16033.9,22.905571428571427,15.7709,11.066742857142858,20.487314285714287,1.5759142857142856,700,10.714285714285714,2024,5,16,3,0,137,False,False,False,True,16180.93,15936.56,14595.791428571427,14874.529285714287,train
2024-05-17,15981.935,22.831335714285714,16.483785714285712,13.70037142857143,22.607714285714284,1.492185714285714,700,10.571428571428571,2024,5,17,4,0,138,False,False,False,True,16033.9,15759.645,14609.697142857143,14806.391428571429,train
2024-05-18,11101.23,15.8589,18.176728571428573,14.25552857142857,24.47792857142857,0.19039999999999993,700,10.428571428571429,2024,5,18,5,1,139,False,False,False,True,15981.935,11493.405,14641.452857142856,14800.197499999998,train
2024-05-19,11328.815,16.18402142857143,17.263785714285714,13.447085714285713,22.025457142857142,0.8283142857142858,700,10.285714285714285,2024,5,19,6,1,140,False,False,False,True,11101.23,11400.925,14585.427857142857,14727.658214285713,train
2024-05-20,16234.55,23.192214285714286,15.636371428571428,11.90772857142857,20.8131,1.8287285714285717,700,11.0,2024,5,20,0,0,141,False,False,False,True,11328.815,15674.4,14575.126428571428,14706.479285714287,train
2024-05-21,15740.545,22.486492857142856,17.893457142857145,14.400714285714285,22.943128571428574,0.4940999999999998,700,11.142857142857142,2024,5,21,1,0,142,False,False,False,True,16234.55,15724.675,14655.147857142858,14709.505000000001,train
2024-05-22,16286.695,23.266707142857143,16.410557142857144,12.584328571428573,21.963514285714286,1.639042857142857,700,11.857142857142858,2024,5,22,2,0,143,False,False,False,True,15740.545,16180.93,14657.414999999999,14631.581428571428,train
2024-05-23,15777.7,22.53957142857143,17.02787142857143,12.972885714285715,22.490485714285715,1.2346000000000001,700,9.857142857142858,2024,5,23,3,0,144,False,False,False,True,16286.695,16033.9,14672.524285714286,14634.157857142856,train
2024-05-24,15838.69,22.6267,17.433214285714286,14.382885714285715,22.010185714285715,0.9267571428571424,700,10.0,2024,5,24,4,0,145,False,False,False,True,15777.7,15981.935,14635.924285714285,14622.810714285715,train
2024-05-25,11352.19,16.217414285714288,18.5733,14.163014285714286,23.922414285714282,0.3403285714285715,700,9.285714285714286,2024,5,25,5,1,146,False,False,False,True,15838.69,11101.23,14615.460714285715,14628.456785714287,train
2024-05-26,11665.16,16.664514285714287,15.565628571428572,11.908128571428572,21.330757142857145,1.4997999999999998,700,11.0,2024,5,26,6,1,147,False,False,False,True,11352.19,11328.815,14651.312142857143,14618.369999999999,train
2024-05-27,15398.485,21.997835714285713,20.525542857142856,15.69902857142857,25.301128571428574,0.0,700,11.142857142857142,2024,5,27,0,0,148,False,False,False,True,11665.16,16234.55,14699.361428571428,14637.24392857143,train
2024-05-28,15501.775,22.145392857142856,18.3342,13.839571428571427,24.282914285714288,0.28387142857142866,700,10.714285714285714,2024,5,28,1,0,149,False,False,False,True,15398.485,15740.545,14579.923571428571,14617.535714285714,train
2024-05-29,15924.9,22.74985714285714,17.31487142857143,13.057957142857143,22.444885714285714,0.9297571428571427,700,11.285714285714285,2024,5,29,2,0,150,False,False,False,True,15501.775,16286.695,14545.813571428573,14601.614285714286,train
2024-05-30,15386.555,21.98079285714286,18.596014285714283,15.164657142857143,23.75257142857143,0.014228571428571547,700,10.285714285714285,2024,5,30,3,0,151,False,False,False,True,15924.9,15777.7,14494.128571428573,14583.326428571427,train
2024-05-31,15682.13,22.403042857142857,17.948014285714287,13.252542857142858,23.549085714285717,0.2470857142857142,700,10.142857142857142,2024,5,31,4,0,152,False,False,False,True,15386.555,15838.69,14438.250714285712,14537.0875,train
2024-06-01,11033.14,15.76162857142857,18.436357142857144,15.172985714285714,23.281242857142857,0.6873571428571431,700,9.714285714285714,2024,6,1,5,1,153,False,True,False,False,15682.13,11352.19,14415.885,14515.672857142856,train
2024-06-02,11139.33,15.913328571428572,17.733999999999998,14.732914285714287,22.745942857142857,0.5485999999999999,700,11.142857142857142,2024,6,2,6,1,154,False,True,False,False,11033.14,11665.16,14370.30642857143,14510.809285714286,train
2024-06-03,15652.155,22.36022142857143,17.847714285714286,14.97457142857143,23.188685714285715,0.6473857142857141,700,11.0,2024,6,3,0,0,155,False,True,False,False,11139.33,15398.485,14295.187857142857,14497.274642857143,train
2024-06-04,15503.49,22.147842857142855,19.271071428571428,15.240142857142859,24.66825714285714,0.2713000000000001,700,10.142857142857142,2024,6,4,1,0,156,False,True,False,False,15652.155,15501.775,14331.426428571429,14455.675000000001,train
2024-06-05,15307.94,21.868485714285715,18.341414285714286,14.020514285714286,22.592985714285714,0.3639714285714287,700,10.428571428571429,2024,6,5,2,0,157,False,True,False,False,15503.49,15924.9,14331.671428571428,14438.742500000002,train
2024-06-06,15190.095,21.700135714285715,18.981142857142856,15.616885714285713,23.54412857142857,0.011857142857143023,700,10.571428571428571,2024,6,6,3,0,158,False,True,False,False,15307.94,15386.555,14243.534285714284,14368.83142857143,train
2024-06-07,15252.785,21.789692857142857,18.575914285714283,15.390857142857143,23.062900000000003,0.22281428571428538,700,10.428571428571429,2024,6,7,4,0,159,False,True,False,False,15190.095,15682.13,14215.468571428572,14326.859642857144,train
2024-06-08,11106.62,15.866600000000002,18.740985714285713,15.324185714285715,24.34087142857143,0.2828,700,10.428571428571429,2024,6,8,5,1,160,False,True,False,False,15252.785,11033.14,14154.13357142857,14285.009285714286,train
2024-06-09,10854.24,15.506057142857143,20.568471428571428,16.362242857142856,25.18248571428571,0.0,700,11.0,2024,6,9,6,1,161,False,True,False,False,11106.62,11139.33,14164.630714285715,14267.468571428572,train
2024-06-10,15313.545,21.876492857142857,19.9295,15.825971428571428,24.698100000000004,0.12257142857142853,700,10.571428571428571,2024,6,10,0,0,162,False,True,False,False,10854.24,15652.155,14123.903571428571,14209.545714285714,train
2024-06-11,15224.95,21.749928571428573,19.914842857142855,16.045142857142856,24.5514,0.0022285714285713728,700,11.857142857142858,2024,6,11,1,0,163,False,True,False,False,15313.545,15503.49,14075.530714285715,14203.478571428572,train
2024-06-12,15560.73,22.229614285714284,18.119028571428572,14.273757142857141,23.360385714285716,0.49054285714285695,700,10.857142857142858,2024,6,12,2,0,164,False,True,False,False,15224.95,15307.94,14035.739285714284,14183.705357142857,train
2024-06-13,15314.81,21.8783,19.915714285714287,16.702828571428572,23.968528571428575,0.2618571428571429,700,11.0,2024,6,13,3,0,165,False,True,False,False,15560.73,15190.095,14071.852142857142,14157.693214285715,train
2024-06-14,15156.835000000001,21.65262142857143,19.455957142857145,16.771457142857145,23.828385714285712,0.15505714285714287,700,11.285714285714285,2024,6,14,4,0,166,False,True,False,False,15314.81,15252.785,14089.668571428572,14152.56857142857,train
2024-06-15,10848.13,15.49732857142857,20.755685714285715,17.578985714285714,25.3659,0.0,700,10.285714285714285,2024,6,15,5,1,167,False,True,False,False,15156.835000000001,11106.62,14075.96142857143,14115.0475,train
2024-06-16,10923.385,15.604835714285715,19.712114285714286,14.515542857142856,26.141385714285715,0.31617142857142855,700,9.428571428571429,2024,6,16,6,1,168,False,True,False,False,10848.13,10854.24,14039.034285714286,14101.8325,train
2024-06-17,15288.52,21.840742857142857,20.2124,16.070328571428572,24.745085714285715,0.12145714285714287,700,10.0,2024,6,17,0,0,169,False,True,False,False,10923.385,15313.545,14048.912142857143,14086.407857142858,train
2024-06-18,15294.7,21.84957142857143,19.054928571428572,15.0417,24.59154285714286,0.0,700,10.142857142857142,2024,6,18,1,0,170,False,True,False,False,15288.52,15224.95,14045.337142857143,14060.433928571427,train
2024-06-19,15144.225,21.634607142857142,18.881742857142857,15.133514285714284,24.24542857142857,0.011314285714285473,700,10.142857142857142,2024,6,19,2,0,171,False,True,False,False,15294.7,15560.73,14055.30142857143,14045.520357142857,train
2024-06-20,15199.83,21.714042857142857,20.17065714285714,16.00417142857143,24.874614285714284,0.0865571428571429,700,10.571428571428571,2024,6,20,3,0,172,False,True,False,False,15144.225,15314.81,13995.800714285713,14033.826428571429,train
2024-06-21,15150.965,21.644235714285713,20.685114285714285,16.80567142857143,25.96521428571429,0.0,700,11.142857142857142,2024,6,21,4,0,173,False,True,False,False,15199.83,15156.835000000001,13979.375,14034.521785714285,train
2024-06-22,10787.57,15.410814285714284,20.446085714285715,16.61167142857143,25.90082857142857,0.0,700,9.571428571428571,2024,6,22,5,1,174,False,True,False,False,15150.965,10848.13,13978.53642857143,14027.248928571427,train
2024-06-23,10745.815,15.351164285714287,19.9165,16.58592857142857,23.979828571428573,0.0,700,10.142857142857142,2024,6,23,6,1,175,False,True,False,False,10787.57,10923.385,13969.885,14004.459642857142,train
2024-06-24,15241.95,21.774214285714287,21.296171428571427,17.142242857142858,26.328300000000002,0.0,700,10.142857142857142,2024,6,24,0,0,176,False,True,False,False,10745.815,15288.52,13944.517857142857,13996.715,train
2024-06-25,15352.795,21.932564285714285,19.7588,16.6785,25.155942857142858,0.15415714285714288,700,10.714285714285714,2024,6,25,1,0,177,False,True,False,False,15241.95,15294.7,13937.865000000002,13991.60107142857,train
2024-06-26,15212.775,21.732535714285714,20.533771428571427,16.296157142857144,25.386114285714285,0.0,700,10.571428571428571,2024,6,26,2,0,178,False,True,False,False,15352.795,15144.225,13946.164285714287,14000.732857142857,train
2024-06-27,15408.625,22.01232142857143,19.7971,16.621314285714284,25.84317142857143,0.3514,700,10.571428571428571,2024,6,27,3,0,179,False,True,False,False,15212.775,15199.83,13955.957142857142,13975.878928571428,train
2024-06-28,15529.905,22.18557857142857,21.933,18.26782857142857,26.7416,0.0,700,10.285714285714285,2024,6,28,4,0,180,False,True,False,False,15408.625,15150.965,13985.785,13982.58,train
2024-06-29,11088.97,15.841385714285714,21.775199999999998,17.33814285714286,27.27292857142857,0.0,700,11.142857142857142,2024,6,29,5,1,181,False,True,False,False,15529.905,10787.57,14039.919285714286,14009.227857142858,train
2024-06-30,10900.425,15.572035714285713,21.445885714285716,16.851271428571426,26.381814285714288,0.0,700,11.0,2024,6,30,6,1,182,False,True,False,False,11088.97,10745.815,14082.976428571428,14026.430714285714,train
2024-07-01,15596.295,22.28042142857143,20.917442857142856,17.170442857142856,25.89597142857143,0.0,700,10.142857142857142,2024,7,1,0,0,183,False,True,False,False,10900.425,15241.95,14105.06357142857,14024.790714285715,train
2024-07-02,15452.93,22.075614285714288,20.684842857142858,15.966257142857144,25.821814285714286,0.023142857142857062,700,10.857142857142858,2024,7,2,1,0,184,False,True,False,False,15596.295,15352.795,14155.684285714286,14046.774642857143,train
2024-07-03,15171.425,21.673464285714285,20.794785714285716,16.301414285714284,25.5966,0.026742857142856964,700,10.428571428571429,2024,7,3,2,0,185,False,True,False,False,15452.93,15212.775,14169.989285714286,14058.076785714284,train
2024-07-04,15263.58,21.805114285714286,21.4401,16.6654,26.350042857142856,0.0,700,11.0,2024,7,4,3,0,186,False,True,False,False,15171.425,15408.625,14164.082142857145,14060.019642857142,train
2024-07-05,15276.35,21.823357142857144,20.14242857142857,16.0192,25.144757142857145,0.0,700,11.0,2024,7,5,4,0,187,False,True,False,False,15263.58,15529.905,14143.361428571428,14064.573214285714,train
2024-07-06,11061.845,15.802635714285714,20.50822857142857,17.472657142857145,24.63445714285714,0.16240000000000027,700,9.714285714285714,2024,7,6,5,1,188,False,True,False,False,15276.35,11088.97,14107.139285714287,14073.529285714287,train
2024-07-07,10903.7,15.576714285714287,22.13092857142857,18.09547142857143,28.320342857142858,0.0,700,9.714285714285714,2024,7,7,6,1,189,False,True,False,False,11061.845,10900.425,14103.264285714287,14093.120357142858,train
2024-07-08,15544.38,22.20625714285714,20.2751,16.059042857142856,26.21927142857143,0.1994142857142857,700,10.571428571428571,2024,7,8,0,0,190,False,True,False,False,10903.7,15596.295,14103.732142857143,14104.397857142858,train
2024-07-09,15179.17,21.684528571428572,21.671114285714285,17.842242857142857,27.217085714285712,0.0,700,11.142857142857142,2024,7,9,1,0,191,False,True,False,False,15544.38,15452.93,14096.315714285714,14126.0,train
2024-07-10,15423.7,22.033857142857144,21.774057142857142,17.2924,26.766228571428574,0.17779999999999993,700,11.0,2024,7,10,2,0,192,False,True,False,False,15179.17,15171.425,14057.207142857142,14113.598214285714,train
2024-07-11,15431.89,22.04555714285714,21.12442857142857,17.21767142857143,25.251128571428573,0.15679999999999988,700,11.285714285714285,2024,7,11,3,0,193,False,True,False,False,15423.7,15263.58,14093.246428571427,14128.664285714287,train
2024-07-12,15272.085,21.817264285714284,21.667971428571427,17.965771428571426,26.651042857142855,0.0,700,10.428571428571429,2024,7,12,4,0,194,False,True,False,False,15431.89,15276.35,14117.290714285715,14130.326071428572,train
2024-07-13,11094.375,15.849107142857143,22.9085,19.46572857142857,28.324271428571432,0.030085714285714462,700,10.857142857142858,2024,7,13,5,1,195,False,True,False,False,15272.085,11061.845,14116.68142857143,14111.910357142857,train
2024-07-14,11018.945,15.741349999999999,20.278257142857143,16.912042857142858,24.840657142857143,0.03920000000000015,700,10.428571428571429,2024,7,14,6,1,196,False,True,False,False,11094.375,10903.7,14121.328571428572,14112.296428571428,train
2024-07-15,15430.43,22.04347142857143,20.069014285714285,15.8606,25.290685714285715,0.2094428571428572,700,11.142857142857142,2024,7,15,0,0,197,False,True,False,False,11018.945,15544.38,14137.792142857143,14120.762142857142,train
2024-07-16,15455.995,22.07999285714286,22.492957142857144,19.2995,26.429771428571428,0.0,700,11.0,2024,7,16,1,0,198,False,True,False,False,15430.43,15179.17,14121.513571428572,14108.914642857142,train
2024-07-17,15382.975,21.97567857142857,21.914671428571427,16.936514285714285,27.80672857142857,0.0,700,10.428571428571429,2024,7,17,2,0,199,False,True,False,False,15455.995,15423.7,14161.06,14109.13357142857,train
2024-07-18,15438.2,22.05457142857143,19.24845714285714,14.991114285714287,23.9162,0.6202,700,11.142857142857142,2024,7,18,3,0,200,False,True,False,False,15382.975,15431.89,14155.242142857143,14124.244285714285,train
2024-07-19,15549.06,22.212942857142856,21.111428571428572,16.848785714285714,26.09282857142857,0.0,700,11.142857142857142,2024,7,19,4,0,201,False,True,False,False,15438.2,15272.085,14156.143571428573,14136.717142857144,train
2024-07-20,10973.99,15.677128571428572,20.32915714285714,16.21682857142857,25.141142857142857,0.0,700,10.0,2024,7,20,5,1,202,False,True,False,False,15549.06,11094.375,14195.711428571429,14156.19642857143,train
2024-07-21,10976.98,15.6814,20.584,16.602228571428572,25.825928571428573,0.0,700,9.428571428571429,2024,7,21,6,1,203,False,True,False,False,10973.99,11018.945,14178.513571428572,14149.921071428571,train
2024-07-22,15572.005,22.24572142857143,21.039214285714284,16.56022857142857,26.2517,0.0,700,11.285714285714285,2024,7,22,0,0,204,False,True,False,False,10976.98,15430.43,14172.518571428573,14155.155357142856,train
2024-07-23,15399.095,21.998707142857143,20.487385714285715,17.053485714285713,27.486242857142855,0.22260000000000002,700,11.0,2024,7,23,1,0,205,False,True,False,False,15572.005,15455.995,14192.74357142857,14157.128571428573,train
2024-07-24,15299.97,21.8571,20.417571428571428,16.90497142857143,25.486357142857145,0.18167142857142862,700,10.142857142857142,2024,7,24,2,0,206,False,True,False,False,15399.095,15382.975,14184.615,14172.8375,train
2024-07-25,16006.565,22.866521428571428,19.666957142857143,15.369257142857142,25.110042857142854,0.6745857142857145,700,10.0,2024,7,25,3,0,207,False,True,False,False,15299.97,15438.2,14172.757142857141,14163.999642857143,train
2024-07-26,15349.825,21.92832142857143,21.01112857142857,17.60122857142857,26.183957142857142,0.0,700,11.0,2024,7,26,4,0,208,False,True,False,False,16006.565,15549.06,14253.952142857142,14205.047857142858,train
2024-07-27,11240.81,16.0583,22.1504,18.31977142857143,26.812942857142854,0.0,700,10.285714285714285,2024,7,27,5,1,209,False,True,False,False,15349.825,10973.99,14225.49,14210.600714285714,train
2024-07-28,10994.4,15.706285714285714,20.095657142857142,16.08187142857143,24.259757142857147,0.05880000000000024,700,10.0,2024,7,28,6,1,210,False,True,False,False,11240.81,10976.98,14263.607142857143,14221.060357142856,train
2024-07-29,15378.86,21.9698,22.02817142857143,19.07362857142857,27.041557142857144,0.0,700,10.714285714285714,2024,7,29,0,0,211,False,True,False,False,10994.4,15572.005,14266.095714285713,14219.307142857142,train
2024-07-30,15335.405,21.90772142857143,21.247814285714288,16.639757142857142,26.615657142857142,0.0,700,10.714285714285714,2024,7,30,1,0,212,False,True,False,False,15378.86,15399.095,14238.503571428573,14215.623571428572,train
2024-07-31,15246.28,21.7804,20.682871428571428,16.980028571428573,25.92432857142857,0.0,700,11.142857142857142,2024,7,31,2,0,213,False,True,False,False,15335.405,15299.97,14229.405,14207.009999999998,train
2024-08-01,15647.414999999999,22.35345,23.188771428571428,19.19882857142857,27.960900000000002,0.0,700,9.571428571428571,2024,8,1,3,0,214,False,True,False,False,15246.28,16006.565,14221.735,14197.246071428572,train
2024-08-02,15314.07,21.877242857142857,22.652085714285715,18.955214285714284,27.10074285714286,0.0,700,11.0,2024,8,2,4,0,215,False,True,False,False,15647.414999999999,15349.825,14170.427857142857,14212.19,train
2024-08-03,10979.76,15.685371428571429,20.60374285714286,16.363985714285715,25.4924,0.07212857142857164,700,10.142857142857142,2024,8,3,5,1,216,False,True,False,False,15314.07,11240.81,14165.320000000002,14195.404999999999,train
2024-08-04,10850.305,15.500435714285715,20.633828571428573,15.80032857142857,25.10152857142857,0.0011571428571430307,700,10.428571428571429,2024,8,4,6,1,217,False,True,False,False,10979.76,10994.4,14128.027142857141,14195.817142857142,train
2024-08-05,15207.23,21.724614285714285,20.466114285714287,16.8092,25.817899999999998,0.0,700,10.571428571428571,2024,8,5,0,0,218,False,True,False,False,10850.305,15378.86,14107.442142857142,14186.768928571428,train
2024-08-06,15234.465,21.76352142857143,20.87572857142857,15.9868,26.09925714285714,0.05098571428571425,700,10.571428571428571,2024,8,6,1,0,219,False,True,False,False,15207.23,15335.405,14082.923571428571,14160.71357142857,train
2024-08-07,15480.95,22.11564285714286,21.645171428571427,17.638342857142856,27.328528571428574,0.0,700,11.142857142857142,2024,8,7,2,0,220,False,True,False,False,15234.465,15246.28,14068.503571428571,14148.954285714284,train
2024-08-08,15361.105,21.944435714285714,20.544085714285714,17.20212857142857,24.78162857142857,0.15981428571428583,700,10.571428571428571,2024,8,8,3,0,221,False,True,False,False,15480.95,15647.414999999999,14102.027857142859,14161.881428571429,train
2024-08-09,15535.93,22.194185714285716,20.775142857142857,16.76142857142857,25.853842857142855,0.08678571428571429,700,10.428571428571429,2024,8,9,4,0,222,False,True,False,False,15361.105,15314.07,14061.126428571428,14115.777142857141,train
2024-08-10,11038.455,15.769221428571429,20.639685714285715,16.620314285714286,24.82155714285714,0.21139999999999998,700,10.285714285714285,2024,8,10,5,1,223,False,True,False,False,15535.93,10979.76,14092.820714285714,14129.070357142858,train
2024-08-11,10853.24,15.50462857142857,21.693471428571428,17.39827142857143,26.731442857142856,0.0,700,10.857142857142858,2024,8,11,6,1,224,False,True,False,False,11038.455,10850.305,14101.205714285714,14114.61642857143,train
2024-08-12,15302.905,21.861292857142857,20.45862857142857,16.823071428571428,25.74694285714286,0.19208571428571417,700,11.142857142857142,2024,8,12,0,0,225,False,True,False,False,10853.24,15207.23,14101.625,14104.533571428572,train
2024-08-13,15302.295,21.860421428571428,20.949414285714287,15.899571428571429,26.857899999999997,0.0,700,10.0,2024,8,13,1,0,226,False,True,False,False,15302.905,15234.465,14115.292857142858,14099.108214285716,train
2024-08-14,15498.515,22.140735714285714,20.150514285714287,16.828685714285715,24.654014285714286,0.385,700,10.857142857142858,2024,8,14,2,0,227,False,True,False,False,15302.295,15480.95,14124.982857142857,14096.743214285714,train
2024-08-15,15253.94,21.79134285714286,20.41742857142857,16.5166,25.926785714285714,0.2638285714285714,700,11.428571428571429,2024,8,15,3,0,228,False,True,False,False,15498.515,15361.105,14127.492142857142,14114.76,train
2024-08-16,15571.265,22.244664285714286,20.9065,16.70942857142857,25.08792857142857,0.16894285714285726,700,10.285714285714285,2024,8,16,4,0,229,False,True,False,False,15253.94,15535.93,14112.182857142858,14086.654642857142,train
2024-08-17,11040.265,15.771807142857142,19.550985714285716,14.778728571428573,24.563971428571428,0.25708571428571403,700,10.714285714285714,2024,8,17,5,1,230,False,True,False,False,15571.265,11038.455,14117.230714285715,14105.025714285714,train
2024-08-18,11163.789999999999,15.948271428571427,21.20422857142857,17.318885714285713,26.693471428571428,0.11222857142857154,700,10.714285714285714,2024,8,18,6,1,231,False,True,False,False,11040.265,10853.24,14117.489285714286,14109.3475,train
2024-08-19,15463.275,22.090392857142856,21.4861,17.40912857142857,26.55547142857143,0.10474285714285728,700,10.285714285714285,2024,8,19,0,0,232,False,True,False,False,11163.789999999999,15302.905,14161.85357142857,14131.739285714286,train
2024-08-20,15240.39,21.771985714285712,20.547185714285714,16.402942857142857,25.51391428571429,0.15488571428571435,700,10.571428571428571,2024,8,20,1,0,233,False,True,False,False,15463.275,15302.295,14184.763571428572,14150.028214285714,train
2024-08-21,15239.185,21.770264285714283,20.396214285714287,16.767257142857144,25.852999999999998,0.0,700,10.428571428571429,2024,8,21,2,0,234,False,True,False,False,15240.39,15498.515,14175.92,14150.451428571429,train
2024-08-22,15239.59,21.770842857142856,19.7396,15.745671428571427,25.367757142857144,0.0,700,11.428571428571429,2024,8,22,3,0,235,False,True,False,False,15239.185,15253.94,14138.872857142856,14133.182499999999,train
2024-08-23,15419.09,22.027271428571428,20.189700000000002,15.333842857142859,25.11442857142857,0.12737142857142877,700,11.428571428571429,2024,8,23,4,0,236,False,True,False,False,15239.59,15571.265,14136.822857142857,14124.502857142857,train
2024-08-24,10956.994999999999,15.652849999999999,20.460157142857145,17.034542857142856,25.3891,0.0,700,10.0,2024,8,24,5,1,237,False,True,False,False,15419.09,11040.265,14115.08357142857,14116.157142857142,train
2024-08-25,10941.265,15.63037857142857,20.549599999999998,17.061700000000002,25.162357142857147,0.12368571428571422,700,10.571428571428571,2024,8,25,6,1,238,False,True,False,False,10956.994999999999,11163.789999999999,14103.187857142857,14110.33857142857,train
2024-08-26,15225.365,21.750521428571428,19.950814285714284,15.420414285714285,24.300885714285712,0.02660000000000017,700,10.428571428571429,2024,8,26,0,0,239,False,True,False,False,10941.265,15463.275,14071.398571428572,14116.626071428573,train
2024-08-27,15343.6,21.919428571428572,18.675900000000002,14.92197142857143,22.618214285714284,0.17229999999999987,700,10.285714285714285,2024,8,27,1,0,240,False,True,False,False,15225.365,15240.39,14037.411428571428,14111.087499999998,train
2024-08-28,15402.965,22.004235714285713,20.3537,16.0374,25.24052857142857,0.06440000000000011,700,10.571428571428571,2024,8,28,2,0,241,False,True,False,False,15343.6,15239.185,14052.155714285715,14114.037857142857,train
2024-08-29,15342.03,21.917185714285715,19.239185714285714,15.49302857142857,25.16284285714286,0.03715714285714276,700,10.428571428571429,2024,8,29,3,0,242,False,True,False,False,15402.965,15239.59,14075.552857142857,14107.212857142857,train
2024-08-30,15362.164999999999,21.94595,18.728257142857142,15.66887142857143,23.365571428571428,0.2645000000000001,700,10.285714285714285,2024,8,30,4,0,243,False,True,False,False,15342.03,15419.09,14090.187142857143,14113.505,train
2024-08-31,11149.375,15.927678571428572,18.834414285714285,15.337128571428572,23.61694285714286,0.3054857142857144,700,10.428571428571429,2024,8,31,5,1,244,False,True,False,False,15362.164999999999,10956.994999999999,14082.055000000002,14098.569285714286,train
2024-09-01,11310.225,16.157464285714287,20.339714285714283,15.754557142857143,25.18738571428571,0.25899999999999995,700,11.0,2024,9,1,6,1,245,True,False,False,False,11149.375,10941.265,14109.537857142857,14106.362857142858,train
2024-09-02,15688.785,22.41255,18.592042857142857,14.972185714285715,24.060485714285715,0.5974857142857145,700,10.714285714285714,2024,9,2,0,0,246,True,False,False,False,11310.225,15225.365,14162.246428571427,14116.8225,train
2024-09-03,15401.185,22.001692857142856,20.87267142857143,17.10662857142857,25.063185714285712,0.02371428571428563,700,11.0,2024,9,3,1,0,247,True,False,False,False,15688.785,15343.6,14228.449285714287,14132.930357142859,train
2024-09-04,15268.595,21.81227857142857,19.430285714285716,15.090485714285714,24.24022857142857,0.3113142857142858,700,11.714285714285715,2024,9,4,2,0,248,True,False,False,False,15401.185,15402.965,14236.675714285713,14144.415714285715,train
2024-09-05,15419.695,22.028135714285714,18.714485714285715,14.705,24.240700000000004,0.5019000000000002,700,11.142857142857142,2024,9,5,3,0,249,True,False,False,False,15268.595,15342.03,14217.48,14146.516428571427,train
2024-09-06,15664.625,22.378035714285716,18.153785714285714,13.419371428571427,22.816585714285715,0.24191428571428564,700,10.428571428571429,2024,9,6,4,0,250,True,False,False,False,15419.695,15362.164999999999,14228.574999999999,14159.38107142857,train
2024-09-07,11177.84,15.968342857142858,18.945171428571427,15.070300000000001,23.67272857142857,0.2522714285714288,700,10.285714285714285,2024,9,7,5,1,251,True,False,False,False,15664.625,11149.375,14271.78357142857,14176.919285714286,train
2024-09-08,11084.76,15.83537142857143,18.7824,15.524614285714286,23.64715714285714,0.0947571428571431,700,10.142857142857142,2024,9,8,6,1,252,True,False,False,False,11177.84,11310.225,14275.85,14192.693928571429,train
2024-09-09,15556.06,22.222942857142858,18.0881,14.710242857142857,23.1654,0.5439428571428568,700,11.0,2024,9,9,0,0,253,True,False,False,False,11084.76,15688.785,14243.640714285715,14202.94357142857,train
2024-09-10,15427.005,22.03857857142857,17.5705,12.315714285714286,22.803528571428572,0.2742714285714285,700,10.0,2024,9,10,1,0,254,True,False,False,False,15556.06,15401.185,14224.679999999998,14226.564642857144,train
2024-09-11,15754.69,22.506700000000002,17.564342857142854,12.951128571428573,22.205457142857142,0.9033285714285718,700,11.857142857142858,2024,9,11,2,0,255,True,False,False,False,15427.005,15268.595,14228.368571428571,14232.522142857142,train
2024-09-12,15976.09,22.822985714285714,18.376885714285713,14.8117,22.822757142857142,0.8712571428571431,700,9.714285714285714,2024,9,12,3,0,256,True,False,False,False,15754.69,15419.695,14297.810714285715,14257.645357142857,train
2024-09-13,16293.205,23.276007142857143,15.8219,11.402542857142857,21.63602857142857,1.5512285714285712,700,10.714285714285714,2024,9,13,4,0,257,True,False,False,False,15976.09,15664.625,14377.295714285716,14302.935357142856,train
2024-09-14,11249.72,16.07102857142857,18.39231428571429,15.519385714285713,23.493971428571427,0.8207714285714285,700,10.428571428571429,2024,9,14,5,1,258,True,False,False,False,16293.205,11177.84,14467.092857142858,14369.438214285712,train
2024-09-15,11316.59,16.166557142857144,16.850257142857142,13.194371428571428,22.311828571428574,0.7772428571428573,700,11.285714285714285,2024,9,15,6,1,259,True,False,False,False,11249.72,11084.76,14477.361428571428,14376.605714285713,train
2024-09-16,15607.33,22.296185714285713,17.737871428571427,13.212885714285715,22.151442857142857,0.4570285714285714,700,11.142857142857142,2024,9,16,0,0,260,True,False,False,False,11316.59,15556.06,14510.48,14377.060357142855,train
2024-09-17,15454.92,22.078457142857143,18.162614285714287,13.549185714285715,23.126785714285713,0.008914285714285524,700,11.142857142857142,2024,9,17,1,0,261,True,False,False,False,15607.33,15427.005,14517.804285714286,14371.242142857143,train
2024-09-18,15815.39,22.593414285714285,16.381314285714286,12.778885714285714,21.997228571428572,1.2633857142857141,700,10.857142857142858,2024,9,18,2,0,262,True,False,False,False,15454.92,15754.69,14521.792142857143,14375.080357142857,train
2024-09-19,15675.415,22.39345,17.716771428571427,14.411485714285712,23.3797,0.4439857142857145,700,10.428571428571429,2024,9,19,3,0,263,True,False,False,False,15815.39,15976.09,14530.46357142857,14414.137142857144,train
2024-09-20,15776.43,22.537757142857142,17.694057142857144,13.305585714285714,22.893314285714286,1.1183142857142856,700,10.285714285714285,2024,9,20,4,0,264,True,False,False,False,15675.415,16293.205,14487.51,14432.402857142859,train
2024-09-21,11359.73,16.228185714285715,16.431042857142856,12.437271428571428,22.181014285714284,1.2489428571428571,700,10.428571428571429,2024,9,21,5,1,265,True,False,False,False,15776.43,11249.72,14413.685,14440.388928571429,train
2024-09-22,11940.135,17.057335714285713,15.289871428571429,11.119285714285715,20.41634285714286,2.3290857142857146,700,10.0,2024,9,22,6,1,266,True,False,False,False,11359.73,11316.59,14429.400714285714,14453.381071428574,train
2024-09-23,15809.78,22.5854,16.41077142857143,11.746142857142855,21.77932857142857,1.0961428571428569,700,10.571428571428571,2024,9,23,0,0,267,True,False,False,False,11940.135,15607.33,14518.478571428572,14514.479285714286,train
2024-09-24,16182.06,23.11722857142857,15.397371428571429,11.75472857142857,18.37732857142857,2.088214285714286,700,10.714285714285714,2024,9,24,1,0,268,True,False,False,False,15809.78,15454.92,14547.4,14532.602142857142,train
2024-09-25,16266.225,23.237464285714285,15.468742857142859,11.378814285714286,20.717614285714287,1.839,700,11.142857142857142,2024,9,25,2,0,269,True,False,False,False,16182.06,15815.39,14651.277142857143,14586.534642857141,train
2024-09-26,16105.845,23.00835,15.9712,12.74907142857143,20.18712857142857,1.4575857142857143,700,12.0,2024,9,26,3,0,270,True,False,False,False,16266.225,15675.415,14715.682142857142,14623.072857142857,train
2024-09-27,15993.05,22.847214285714283,15.820042857142859,12.554971428571427,20.180057142857144,1.9648428571428573,700,11.428571428571429,2024,9,27,4,0,271,True,False,False,False,16105.845,15776.43,14777.172142857142,14632.341071428571,train
2024-09-28,11739.785,16.77112142857143,15.321814285714286,11.402271428571428,21.470614285714287,1.7260142857142855,700,10.714285714285714,2024,9,28,5,1,272,True,False,False,False,15993.05,11359.73,14808.117857142857,14610.901428571431,train
2024-09-29,11995.63,17.136614285714284,14.97032857142857,10.83967142857143,19.896385714285714,2.3830714285714283,700,10.571428571428571,2024,9,29,6,1,273,True,False,False,False,11739.785,11940.135,14862.41142857143,14645.906071428572,train
2024-09-30,16381.35,23.401928571428574,15.031657142857142,11.3318,19.714585714285715,2.1003142857142856,700,10.714285714285714,2024,9,30,0,0,274,True,False,False,False,11995.63,15809.78,14870.339285714286,14694.408928571427,train
2024-10-01,16497.555,23.567935714285714,15.029457142857144,10.862057142857143,21.25997142857143,2.1009714285714285,700,11.571428571428571,2024,10,1,1,0,275,True,False,False,False,16381.35,16182.06,14951.992142857142,14749.69607142857,train
2024-10-02,16707.75,23.868214285714284,14.372742857142857,10.769671428571428,19.794371428571427,2.7051999999999996,700,12.142857142857142,2024,10,2,2,0,276,True,False,False,False,16497.555,16266.225,14997.062857142857,14824.17,train
2024-10-03,15984.555,22.83507857142857,16.348185714285712,11.966185714285714,22.016785714285714,0.7868000000000002,700,11.571428571428571,2024,10,3,3,0,277,True,False,False,False,16707.75,16105.845,15060.137857142856,14887.91,train
2024-10-04,16800.3,24.00042857142857,14.253228571428572,10.098285714285714,19.038642857142857,2.8503714285714286,700,10.428571428571429,2024,10,4,4,0,278,True,False,False,False,15984.555,15993.05,15042.810714285715,14909.99142857143,train
2024-10-05,12294.165,17.56309285714286,14.646614285714284,10.072342857142857,19.278857142857145,2.822157142857143,700,10.714285714285714,2024,10,5,5,1,279,True,False,False,False,16800.3,11739.785,15158.132142857143,14983.125,train
2024-10-06,12409.475,17.727821428571428,14.039442857142857,10.822057142857142,18.576042857142856,2.960557142857143,700,10.428571428571429,2024,10,6,6,1,280,True,False,False,False,12294.165,11995.63,15237.329285714284,15049.870357142858,train
2024-10-07,17267.775,24.66825,13.133485714285715,9.316914285714287,17.529557142857144,3.950657142857143,700,11.714285714285715,2024,10,7,0,0,281,True,False,False,False,12409.475,16381.35,15296.449999999999,15083.394642857142,train
2024-10-08,16218.405,23.169150000000002,15.301371428571427,12.166871428571428,20.542757142857145,1.7630285714285716,700,11.571428571428571,2024,10,8,1,0,282,True,False,False,False,17267.775,16497.555,15423.082142857145,15187.537142857143,train
2024-10-09,16870.475,24.10067857142857,13.86717142857143,9.665657142857143,17.576,3.1328285714285715,700,11.285714285714285,2024,10,9,2,0,283,True,False,False,False,16218.405,16707.75,15383.203571428574,15190.133214285715,train
2024-10-10,16855.545,24.079349999999998,14.536128571428574,10.974085714285714,19.29827142857143,2.515128571428572,700,10.714285714285714,2024,10,10,3,0,284,True,False,False,False,16870.475,15984.555,15406.45,15233.293928571427,train
2024-10-11,16418.7,23.455285714285715,15.01297142857143,10.677985714285715,20.145657142857143,2.415557142857143,700,11.428571428571429,2024,10,11,4,0,285,True,False,False,False,16855.545,16800.3,15530.877142857144,15286.843928571428,train
2024-10-12,12693.05,18.13292857142857,13.942471428571428,10.395685714285715,18.383014285714285,3.114928571428571,700,11.0,2024,10,12,5,1,286,True,False,False,False,16418.7,12294.165,15476.362857142856,15317.2475,train
2024-10-13,12656.16,18.08022857142857,12.909714285714285,9.256371428571429,18.398728571428574,4.095599999999999,700,10.571428571428571,2024,10,13,6,1,287,True,False,False,False,12693.05,12409.475,15533.346428571429,15385.337857142858,train
2024-10-14,18147.07,25.924385714285712,11.152385714285714,7.603671428571428,15.98397142857143,5.847614285714285,700,11.285714285714285,2024,10,14,0,0,288,True,False,False,False,12656.16,17267.775,15568.587142857143,15432.518571428573,train
2024-10-15,17098.225,24.426035714285714,13.452628571428571,8.923457142857142,17.387842857142857,3.7255714285714285,700,11.428571428571429,2024,10,15,1,0,289,True,False,False,False,18147.07,16218.405,15694.200714285713,15558.641428571429,train
2024-10-16,17266.055,24.665792857142858,12.98362857142857,7.905114285714285,17.38972857142857,4.0163714285714285,700,12.0,2024,10,16,2,0,290,True,False,False,False,17098.225,16870.475,15819.889285714284,15601.546428571428,train
2024-10-17,17549.93,25.071328571428573,12.636157142857142,7.732157142857143,17.45054285714286,4.363842857142857,700,12.714285714285714,2024,10,17,3,0,291,True,False,False,False,17266.055,16855.545,15876.400714285714,15641.425357142858,train
2024-10-18,17108.58,24.440828571428575,13.282,9.357942857142858,18.343085714285714,3.7180000000000004,700,12.0,2024,10,18,4,0,292,True,False,False,False,17549.93,16418.7,15975.598571428573,15753.237857142858,train
2024-10-19,12757.55,18.22507142857143,13.208142857142859,9.704871428571428,18.989757142857144,3.7918571428571433,700,10.714285714285714,2024,10,19,5,1,293,True,False,False,False,17108.58,12693.05,16074.152857142859,15775.257857142857,train
2024-10-20,13572.885,19.389835714285713,11.489685714285715,7.428299999999999,15.992671428571427,5.510314285714285,700,11.0,2024,10,20,6,1,294,True,False,False,False,12757.55,12656.16,16083.367142857143,15808.356785714286,train
2024-10-21,18067.72,25.811028571428572,11.560314285714286,8.91072857142857,16.452471428571428,5.439685714285715,700,12.285714285714286,2024,10,21,0,0,295,True,False,False,False,13572.885,18147.07,16214.327857142856,15891.4575,train
2024-10-22,18031.535,25.759335714285715,11.754271428571428,7.279114285714286,15.676485714285716,5.245728571428572,700,12.0,2024,10,22,1,0,296,True,False,False,False,18067.72,17098.225,16202.992142857143,15948.596428571427,train
2024-10-23,17945.555,25.636507142857145,11.606457142857144,7.136057142857142,17.19204285714286,5.393542857142857,700,12.571428571428573,2024,10,23,2,0,297,True,False,False,False,18031.535,17266.055,16336.322142857143,16078.105714285713,train
2024-10-24,18034.315,25.76330714285714,11.334857142857143,7.431785714285715,16.703014285714286,5.707657142857143,700,12.857142857142856,2024,10,24,3,0,298,True,False,False,False,17945.555,17549.93,16433.393571428573,16154.897142857144,train
2024-10-25,17855.03,25.50718571428571,12.001557142857143,7.4548,16.800571428571427,4.998442857142857,700,11.857142857142858,2024,10,25,4,0,299,True,False,False,False,18034.315,17108.58,16502.591428571428,16239.095000000001,train
2024-10-26,13282.38,18.97482857142857,12.022514285714285,8.571685714285715,17.82915714285714,4.977485714285715,700,10.285714285714285,2024,10,26,5,1,300,True,False,False,False,17855.03,12757.55,16609.227142857144,16341.689999999999,train
2024-10-27,13299.02,18.9986,11.686242857142856,7.163085714285714,17.569000000000003,5.313757142857142,700,10.428571428571429,2024,10,27,6,1,301,True,False,False,False,13282.38,13572.885,16684.20285714286,16383.785,train
2024-10-28,18113.305,25.87615,11.600371428571428,7.590142857142857,16.71634285714286,5.399628571428572,700,12.571428571428573,2024,10,28,0,0,302,True,False,False,False,13299.02,18067.72,16645.079285714284,16429.70357142857,train
2024-10-29,17955.52,25.65074285714286,11.597028571428572,7.127857142857143,17.84302857142857,5.402971428571429,700,13.0,2024,10,29,1,0,303,True,False,False,False,18113.305,18031.535,16651.591428571428,16427.291785714286,train
2024-10-30,17655.975,25.222821428571425,12.47087142857143,8.6185,17.436814285714288,4.529128571428572,700,12.857142857142856,2024,10,30,2,0,304,True,False,False,False,17955.52,17945.555,16640.73214285714,16488.527142857143,train
2024-10-31,18603.975,26.57710714285714,10.363971428571428,6.392942857142858,15.523442857142857,6.636028571428572,700,12.0,2024,10,31,3,0,305,True,False,False,False,17655.975,18034.315,16599.36357142857,16516.37857142857,train
2024-11-01,18094.775,25.849678571428573,10.793928571428571,7.809385714285714,16.226142857142857,6.206071428571429,700,12.857142857142856,2024,11,1,4,0,306,True,False,False,False,18603.975,17855.03,16680.74357142857,16591.6675,train
2024-11-02,13504.69,19.292414285714287,11.0625,7.603871428571429,16.452628571428573,5.9375,700,10.714285714285714,2024,11,2,5,1,307,True,False,False,False,18094.775,13282.38,16714.992857142857,16662.11,train
2024-11-03,13944.28,19.9204,10.395128571428572,5.323071428571429,16.289185714285715,6.604871428571428,700,11.142857142857142,2024,11,3,6,1,308,True,False,False,False,13504.69,13299.02,16746.751428571428,16715.477142857144,train
2024-11-04,18416.225,26.308892857142855,10.310585714285715,7.0559,15.372985714285715,6.689414285714286,700,13.142857142857142,2024,11,4,0,0,309,True,False,False,False,13944.28,18113.305,16838.931428571428,16742.005357142858,train
2024-11-05,19030.31,27.186157142857144,8.628485714285715,4.357928571428571,13.825742857142858,8.371514285714285,700,13.142857142857142,2024,11,5,1,0,310,True,False,False,False,18416.225,17955.52,16882.205714285716,16766.89857142857,train
2024-11-06,18410.94,26.301342857142856,10.38877142857143,5.594171428571428,15.396342857142859,6.611228571428573,700,11.571428571428571,2024,11,6,2,0,311,True,False,False,False,19030.31,17655.975,17035.74714285714,16838.239642857145,train
2024-11-07,18741.74,26.773914285714287,9.455814285714286,5.6695,15.02337142857143,7.544185714285715,700,12.0,2024,11,7,3,0,312,True,False,False,False,18410.94,18603.975,17143.59928571429,16871.481428571427,train
2024-11-08,18828.195,26.897421428571427,9.098114285714287,5.349600000000001,13.134428571428572,7.901885714285714,700,12.142857142857142,2024,11,8,4,0,313,True,False,False,False,18741.74,18094.775,17163.28,16922.011785714283,train
2024-11-09,14207.105,20.295864285714284,9.499600000000001,5.518800000000001,14.11017142857143,7.5004,700,11.571428571428571,2024,11,9,5,1,314,True,False,False,False,18828.195,13504.69,17268.054285714286,16991.523571428574,train
2024-11-10,14193.935,20.27705,9.500214285714286,5.5756428571428565,13.45962857142857,7.499785714285715,700,10.857142857142858,2024,11,10,6,1,315,True,False,False,False,14207.105,13944.28,17368.399285714284,17057.575357142858,train
2024-11-11,18269.225,26.098892857142854,10.476657142857142,6.388114285714286,14.789885714285715,6.5233428571428576,700,12.285714285714286,2024,11,11,0,0,316,True,False,False,False,14193.935,18416.225,17404.064285714285,17121.49785714286,train
2024-11-12,18846.1,26.923,9.360971428571428,4.505742857142857,14.234271428571429,7.639028571428571,700,13.0,2024,11,12,1,0,317,True,False,False,False,18269.225,19030.31,17383.064285714285,17132.635000000002,train
2024-11-13,19104.405,27.29200714285714,8.928585714285715,5.165128571428571,13.4727,8.071414285714285,700,12.714285714285714,2024,11,13,2,0,318,True,False,False,False,18846.1,18410.94,17356.74857142857,17196.24785714286,train
2024-11-14,18470.275,26.386107142857146,10.15092857142857,5.920642857142857,14.771485714285715,6.849071428571429,700,12.714285714285714,2024,11,14,3,0,319,True,False,False,False,19104.405,18741.74,17455.815,17299.707142857143,train
2024-11-15,18546.62,26.495171428571428,9.73687142857143,6.687014285714286,14.395971428571428,7.263128571428572,700,12.714285714285714,2024,11,15,4,0,320,True,False,False,False,18470.275,18828.195,17417.034285714286,17290.157142857144,train
2024-11-16,14503.895,20.71985,8.722414285714285,4.6181,13.895928571428572,8.277585714285715,700,10.857142857142858,2024,11,16,5,1,321,True,False,False,False,18546.62,14207.105,17376.809285714284,17322.431785714285,train
2024-11-17,14721.09,21.030128571428573,8.4947,3.8855285714285714,13.349957142857141,8.5053,700,11.571428571428571,2024,11,17,6,1,322,True,False,False,False,14503.895,14193.935,17419.207857142857,17393.803571428572,train
2024-11-18,19577.495,27.96785,7.399685714285714,2.0859571428571426,12.630642857142858,9.600314285714285,700,13.142857142857142,2024,11,18,0,0,323,True,False,False,False,14721.09,18269.225,17494.515714285713,17449.29,train
2024-11-19,19681.005,28.11572142857143,7.235857142857143,2.632557142857143,11.050814285714285,9.764142857142856,700,15.0,2024,11,19,1,0,324,True,False,False,False,19577.495,18846.1,17681.411428571428,17532.237857142856,train
2024-11-20,19212.59,27.44655714285714,8.052057142857144,3.855585714285714,12.718242857142858,8.947942857142857,700,14.285714285714285,2024,11,20,2,0,325,True,False,False,False,19681.005,19104.405,17800.68357142857,17578.71607142857,train
2024-11-21,19078.53,27.255042857142854,8.260857142857143,3.016457142857143,12.336971428571427,8.739142857142857,700,13.0,2024,11,21,3,0,326,True,False,False,False,19212.59,18470.275,17816.13857142857,17635.976785714283,train
2024-11-22,20018.335,28.597621428571426,5.876114285714285,1.6118857142857141,11.03572857142857,11.123885714285715,700,14.142857142857142,2024,11,22,4,0,327,True,False,False,False,19078.53,18546.62,17903.032142857144,17660.033214285715,train
2024-11-23,14882.815,21.261164285714287,7.326328571428572,3.315657142857143,12.00147142857143,9.67367142857143,700,10.714285714285714,2024,11,23,5,1,328,True,False,False,False,20018.335,14503.895,18113.277142857143,17745.043214285713,train
2024-11-24,14982.23,21.403185714285712,7.370357142857143,4.6826,12.336685714285714,9.629642857142857,700,10.571428571428571,2024,11,24,6,1,329,True,False,False,False,14882.815,14721.09,18167.408571428572,17793.308214285713,train
2024-11-25,19529.36,27.899085714285714,7.589185714285715,3.0467,13.382685714285714,9.410814285714284,700,14.000000000000002,2024,11,25,0,0,330,True,False,False,False,14982.23,19577.495,18204.714285714286,17849.614999999998,train
2024-11-26,19623.58,28.033685714285717,7.0815,2.5718714285714284,12.597228571428571,9.9185,700,14.142857142857142,2024,11,26,1,0,331,True,False,False,False,19529.36,19681.005,18197.83785714286,17939.624642857143,train
2024-11-27,19781.47,28.25924285714286,6.492342857142858,2.745742857142857,10.461671428571428,10.507657142857143,700,13.285714285714286,2024,11,27,2,0,332,True,False,False,False,19623.58,19212.59,18189.634285714284,17995.15892857143,train
2024-11-28,19259.98,27.514257142857144,7.955642857142857,3.2739285714285713,12.596785714285714,9.044357142857143,700,13.714285714285715,2024,11,28,3,0,333,True,False,False,False,19781.47,19078.53,18270.902857142857,18043.520714285714,train
2024-11-29,19792.33,28.274757142857144,6.6979999999999995,2.6525,12.736914285714287,10.302000000000001,700,12.714285714285714,2024,11,29,4,0,334,True,False,False,False,19259.98,20018.335,18296.824285714287,18099.928214285716,train
2024-11-30,15215.87,21.736957142857143,6.7154,2.2757,11.790571428571429,10.284600000000001,700,10.571428571428571,2024,11,30,5,1,335,True,False,False,False,19792.33,14882.815,18264.537857142856,18188.907499999998,train
2024-12-01,15725.765,22.46537857142857,5.778657142857143,2.1948714285714286,11.2706,11.221342857142858,700,11.428571428571429,2024,12,1,6,1,336,False,False,True,False,15215.87,14982.23,18312.117142857143,18239.762857142858,train
2024-12-02,19916.37,28.451957142857143,7.304985714285714,2.1446714285714283,12.355542857142856,9.695014285714286,700,14.571428571428571,2024,12,2,0,0,337,False,False,True,False,15725.765,19529.36,18418.33642857143,18311.52535714286,train
2024-12-03,20758.835,29.65547857142857,4.6147285714285715,0.4610142857142857,9.56617142857143,12.385271428571428,700,15.0,2024,12,3,1,0,338,False,False,True,False,19916.37,19623.58,18473.623571428572,18335.730714285713,train
2024-12-04,19984.62,28.54945714285714,7.101257142857143,2.670571428571429,11.71457142857143,9.898742857142857,700,13.428571428571429,2024,12,4,2,0,339,False,False,True,False,20758.835,19781.47,18635.802857142855,18412.71857142857,train
2024-12-05,20374.43,29.106328571428573,5.810771428571429,2.1873,10.392785714285715,11.189228571428572,700,14.428571428571429,2024,12,5,3,0,340,False,False,True,False,19984.62,19259.98,18664.824285714287,18467.86357142857,train
2024-12-06,20028.855,28.61265,6.533571428571428,2.069914285714286,11.574157142857143,10.46642857142857,700,13.857142857142858,2024,12,6,4,0,341,False,False,True,False,20374.43,19792.33,18824.03142857143,18560.42785714286,train
2024-12-07,15516.795,22.16685,6.473371428571428,1.788814285714286,11.473442857142857,10.526628571428573,700,11.428571428571429,2024,12,7,5,1,342,False,False,True,False,20028.855,15215.87,18857.820714285714,18561.179285714286,train
2024-12-08,16088.39,22.983414285714286,5.3689857142857145,1.099157142857143,9.90562857142857,11.631014285714286,700,11.857142857142858,2024,12,8,6,1,343,False,False,True,False,15516.795,15725.765,18900.809999999998,18606.463571428572,train
2024-12-09,20383.375,29.119107142857143,5.981757142857144,2.339785714285714,11.099942857142857,11.018242857142857,700,14.857142857142858,2024,12,9,0,0,344,False,False,True,False,16088.39,19916.37,18952.61357142857,18685.475,train
2024-12-10,19865.545000000002,28.379350000000002,6.6107,3.4698857142857142,10.4833,10.3893,700,13.428571428571429,2024,12,10,1,0,345,False,False,True,False,20383.375,20758.835,19019.32857142857,18746.47607142857,train
2024-12-11,20653.77,29.505385714285715,4.847285714285714,2.1013714285714284,10.155871428571428,12.152714285714286,700,13.714285714285715,2024,12,11,2,0,346,False,False,True,False,19865.545000000002,19984.62,18891.715714285714,18763.759285714284,train
2024-12-12,20621.235,29.458907142857143,5.4879999999999995,2.9157571428571427,11.601014285714285,11.512,700,14.857142857142858,2024,12,12,3,0,347,False,False,True,False,20653.77,20374.43,18987.308571428573,18826.066428571427,train
2024-12-13,20656.97,29.509957142857143,5.021971428571429,0.9164,10.816157142857143,11.97802857142857,700,14.428571428571429,2024,12,13,4,0,348,False,False,True,False,20621.235,20028.855,19022.566428571427,18923.29892857143,train
2024-12-14,15796.995,22.567135714285715,5.966614285714286,2.4796285714285715,10.171700000000001,11.033385714285714,700,11.285714285714285,2024,12,14,5,1,349,False,False,True,False,20656.97,15516.795,19112.29714285714,18985.05892857143,train
2024-12-15,15990.045,22.84292142857143,5.812742857142857,1.6583714285714284,12.00602857142857,11.187257142857142,700,10.857142857142858,2024,12,15,6,1,350,False,False,True,False,15796.995,16088.39,19152.325714285715,19026.567857142858,train
2024-12-16,20292.635,28.98947857142857,6.024928571428571,2.0464714285714285,11.487071428571427,10.975071428571429,700,15.0,2024,12,16,0,0,351,False,False,True,False,15990.045,20383.375,19138.27642857143,19045.445,train
2024-12-17,20667.31,29.52472857142857,4.538457142857143,0.8052999999999999,10.073357142857143,12.461542857142858,700,15.857142857142856,2024,12,17,1,0,352,False,False,True,False,20292.635,19865.545000000002,19125.31357142857,19072.32107142857,train
2024-12-18,20607.49,29.43927142857143,5.126157142857143,1.3698428571428571,10.400157142857143,11.873842857142858,700,14.428571428571429,2024,12,18,2,0,353,False,False,True,False,20667.31,20653.77,19239.851428571426,19065.783571428572,train
2024-12-19,20481.605,29.259435714285715,5.0984428571428575,1.2619428571428573,10.414242857142858,11.901557142857143,700,14.142857142857142,2024,12,19,3,0,354,False,False,True,False,20607.49,20621.235,19233.24,19110.274285714288,train
2024-12-20,20723.005,29.60429285714286,4.625442857142857,1.1752714285714287,9.996599999999999,12.374557142857144,700,14.857142857142858,2024,12,20,4,0,355,False,False,True,False,20481.605,20656.97,19213.292857142857,19117.929642857143,train
2024-12-21,16532.225,23.617464285714284,4.086628571428571,0.059457142857142826,9.418828571428572,12.913371428571429,700,10.714285714285714,2024,12,21,5,1,356,False,False,True,False,20723.005,15796.995,19222.726428571426,19167.511785714287,train
2024-12-22,16827.945,24.03992142857143,3.174114285714286,-0.4906285714285714,9.1379,13.825885714285715,700,10.714285714285714,2024,12,22,6,1,357,False,False,True,False,16532.225,15990.045,19327.759285714284,19240.0425,train
2024-12-23,20498.785,29.28397857142857,5.279857142857143,0.9814571428571428,10.963957142857142,11.720142857142857,700,14.428571428571429,2024,12,23,0,0,358,False,False,True,False,16827.945,20292.635,19447.459285714285,19292.867857142857,train
2024-12-24,20670.26,29.528942857142855,4.777971428571428,0.8417285714285715,9.715171428571429,12.222028571428572,700,14.714285714285714,2024,12,24,1,0,359,False,False,True,False,20498.785,20667.31,19476.909285714286,19301.11142857143,train
2024-12-25,20807.075,29.72439285714286,4.427928571428572,0.03395714285714294,9.804628571428571,12.57207142857143,700,14.428571428571429,2024,12,25,2,0,360,False,False,True,False,20670.26,20607.49,19477.330714285716,19358.591071428575,train
2024-12-26,20686.02,29.551457142857142,4.9189428571428575,1.637357142857143,10.252671428571428,12.081057142857142,700,14.285714285714285,2024,12,26,3,0,361,False,False,True,False,20807.075,20481.605,19505.842857142856,19369.54142857143,train
2024-12-27,20868.415,29.81202142857143,4.269157142857143,0.6225571428571429,9.208371428571429,12.730842857142857,700,14.857142857142858,2024,12,27,4,0,362,False,False,True,False,20686.02,20723.005,19535.045000000002,19374.168928571427,train
2024-12-28,16419.55,23.4565,4.8586857142857145,0.4706142857142858,9.226942857142857,12.141314285714286,700,11.142857142857142,2024,12,28,5,1,363,False,False,True,False,20868.415,16532.225,19555.817857142858,19389.272142857142,train
2024-12-29,16253.17,23.218814285714284,4.5262142857142855,0.962957142857143,8.514685714285713,12.473785714285714,700,11.0,2024,12,29,6,1,364,False,False,True,False,16419.55,16827.945,19539.721428571425,19433.740357142855,train
2024-12-30,20937.345,29.91049285714286,4.129371428571429,0.6142857142857142,8.8447,12.870628571428572,700,16.142857142857142,2024,12,30,0,0,365,False,False,True,False,16253.17,20498.785,19457.610714285714,19452.535,train
2024-12-31,20777.145,29.681635714285715,4.1954,0.45647142857142864,9.345985714285714,12.804599999999999,700,14.857142857142858,2024,12,31,1,0,366,False,False,True,False,20937.345,20670.26,19520.26214285714,19498.585714285717,train
2025-01-01,21402.21,30.574585714285714,3.710371428571429,0.6112285714285715,9.148842857142858,13.28962857142857,700,15.857142857142856,2025,1,1,2,0,1,False,False,True,False,20777.145,20807.075,19535.53142857143,19506.431071428575,train
2025-01-02,21430.04,30.61434285714286,3.6556714285714285,0.06218571428571433,9.774714285714285,13.344328571428573,700,15.0,2025,1,2,3,0,2,False,False,True,False,21402.21,20686.02,19620.550714285713,19563.196785714284,train
2025-01-03,21486.005,30.69429285714286,2.8954714285714283,-0.03215714285714286,6.423357142857143,14.104528571428572,700,15.857142857142856,2025,1,3,4,0,3,False,False,True,False,21430.04,20868.415,19726.839285714286,19630.942142857144,train
2025-01-04,16437.45,23.48207142857143,4.918157142857143,0.6687000000000001,9.751714285714286,12.081842857142856,700,11.142857142857142,2025,1,4,5,1,4,False,False,True,False,21486.005,16419.55,19815.066428571427,19685.442142857144,train
2025-01-05,16741.655,23.916649999999997,3.9938285714285713,0.25281428571428566,9.6346,13.006171428571427,700,10.571428571428571,2025,1,5,6,1,5,False,False,True,False,16437.45,16253.17,19817.623571428576,19678.672499999997,train
2025-01-06,21638.97,30.912814285714287,3.127414285714286,-0.3811,8.066028571428571,13.872585714285714,700,15.0,2025,1,6,0,0,6,False,False,True,False,16741.655,20937.345,19887.407142857144,19672.508928571428,train
2025-01-07,21938.075,31.340107142857143,1.3691,-2.4209714285714288,6.465342857142857,15.630900000000002,700,16.28571428571429,2025,1,7,1,0,7,False,False,True,False,21638.97,20777.145,19987.639285714286,19753.950714285715,train
2025-01-08,21612.465,30.874950000000002,2.4596,-1.6888857142857143,8.086557142857144,14.540400000000002,700,16.0,2025,1,8,2,0,8,False,False,True,False,21938.075,21402.21,20153.48642857143,19844.508928571428,train
2025-01-09,21485.265,30.693235714285713,3.076828571428571,-1.6453142857142857,7.998657142857142,13.923171428571427,700,15.714285714285714,2025,1,9,3,0,9,False,False,True,False,21612.465,21430.04,20183.522857142856,19902.03678571429,train
2025-01-10,21372.375,30.531964285714285,3.2564,-1.5672857142857142,8.4599,13.7436,700,16.0,2025,1,10,4,0,10,False,False,True,False,21485.265,21486.005,20191.412142857145,19959.125714285714,train
2025-01-11,17301.065,24.71580714285714,3.5570142857142857,-0.4858857142857143,8.422842857142857,13.442985714285715,700,12.285714285714286,2025,1,11,5,1,11,False,False,True,False,21372.375,16437.45,20175.179285714286,19995.122857142855,train
2025-01-12,17301.74,24.71677142857143,2.9814285714285713,-0.9760857142857144,7.391528571428571,14.018571428571429,700,11.0,2025,1,12,6,1,12,False,False,True,False,17301.065,16741.655,20298.552857142855,20058.08821428571,train
2025-01-13,21500.25,30.714642857142856,2.8856285714285717,-2.617985714285714,9.202214285714286,14.114371428571427,700,15.428571428571427,2025,1,13,0,0,13,False,False,True,False,17301.74,21638.97,20378.565000000002,20132.986071428575,train
2025-01-14,20965.385,29.950549999999996,4.757171428571429,0.6924857142857143,10.544842857142857,12.242828571428571,700,13.714285714285715,2025,1,14,1,0,14,False,False,True,False,21500.25,21938.075,20358.74785714286,20173.193571428572,train
2025-01-15,21713.78,31.019685714285714,2.7282571428571427,-1.5010999999999999,7.6167428571428575,14.271742857142856,700,15.571428571428573,2025,1,15,2,0,15,False,False,True,False,20965.385,21612.465,20219.79214285714,20186.639285714286,train
2025-01-16,21634.675,30.90667857142857,2.771457142857143,-1.9550285714285713,7.577814285714286,14.228542857142857,700,16.142857142857142,2025,1,16,3,0,16,False,False,True,False,21713.78,21485.265,20234.265714285713,20208.894285714287,train
2025-01-17,21575.835,30.822621428571427,2.9029,-1.2884,7.608385714285714,14.0971,700,16.28571428571429,2025,1,17,4,0,17,False,False,True,False,21634.675,21372.375,20255.609999999997,20223.511071428573,train
2025-01-18,17385.985,24.83712142857143,3.0937142857142854,0.3735,9.071857142857143,13.906285714285714,700,11.571428571428571,2025,1,18,5,1,18,False,False,True,False,21575.835,17301.065,20284.675714285713,20229.927499999998,train
2025-01-19,16815.73,24.02247142857143,3.9987142857142857,0.1439999999999999,9.019285714285715,13.001285714285714,700,10.714285714285714,2025,1,19,6,1,19,False,False,True,False,17385.985,17301.74,20296.807142857142,20297.679999999997,train
2025-01-20,21178.58,30.25511428571429,4.146585714285714,0.19111428571428576,9.393971428571428,12.853414285714285,700,15.428571428571427,2025,1,20,0,0,20,False,False,True,False,16815.73,21500.25,20227.377142857145,20302.971071428572,train
2025-01-21,21708.735,31.012478571428574,3.0479571428571433,-1.9693142857142858,8.0925,13.952042857142857,700,14.857142857142858,2025,1,21,1,0,21,False,False,True,False,21178.58,20965.385,20181.424285714285,20270.08607142857,train
2025-01-22,21054.63,30.078042857142858,4.12,-0.30982857142857145,8.834842857142858,12.88,700,15.142857142857144,2025,1,22,2,0,22,False,False,True,False,21708.735,21713.78,20287.617142857143,20253.70464285714,train
2025-01-23,21325.165,30.46452142857143,3.9285428571428573,0.8857571428571428,9.320042857142857,13.071457142857144,700,16.428571428571427,2025,1,23,3,0,23,False,False,True,False,21054.63,21634.675,20193.452857142856,20213.859285714287,train
2025-01-24,21326.44,30.466342857142855,3.7956857142857143,-0.07139999999999995,8.024442857142857,13.204314285714286,700,15.857142857142856,2025,1,24,4,0,24,False,False,True,False,21325.165,21575.835,20149.237142857142,20202.42357142857,train
2025-01-25,17013.345,24.304778571428574,3.8193714285714284,-0.7914571428571429,8.8586,13.180628571428572,700,11.142857142857142,2025,1,25,5,1,25,False,False,True,False,21326.44,17385.985,20113.609285714287,20199.142499999998,train
2025-01-26,16644.385,23.777692857142856,4.521185714285714,0.3129857142857143,9.4907,12.478814285714286,700,10.571428571428571,2025,1,26,6,1,26,False,False,True,False,17013.345,16815.73,20060.375,20178.591071428575,train
2025-01-27,20925.89,29.89412857142857,4.785628571428571,0.8960428571428571,9.57997142857143,12.214371428571427,700,13.571428571428571,2025,1,27,0,0,27,False,False,True,False,16644.385,21178.58,20035.897142857142,20131.63714285714,train
2025-01-28,21710.695,31.01527857142857,2.257885714285714,-1.9947857142857144,8.219785714285713,14.742114285714285,700,16.714285714285715,2025,1,28,1,0,28,False,False,True,False,20925.89,21708.735,19999.79857142857,20090.61142857143,train
2025-01-29,21557.09,30.79584285714286,2.9157285714285712,-0.5023,7.642328571428572,14.084271428571428,700,15.428571428571427,2025,1,29,2,0,29,False,False,True,False,21710.695,21054.63,20000.07857142857,20143.847857142857,train
2025-01-30,21572.245,30.817492857142856,3.1561714285714286,-1.5794142857142857,8.192214285714286,13.843828571428572,700,15.142857142857144,2025,1,30,3,0,30,False,False,True,False,21557.09,21325.165,20071.858571428573,20132.655714285713,train
2025-01-31,20746.875,29.638392857142858,5.665414285714285,1.7068285714285714,10.277357142857142,11.334585714285714,700,14.714285714285714,2025,1,31,4,0,31,False,False,True,False,21572.245,21326.44,20107.155714285713,20128.196428571428,train
2025-02-01,17430.89,24.901271428571427,2.2979142857142856,-1.9035,6.615257142857144,14.702085714285714,700,11.0,2025,2,1,5,1,32,False,False,True,False,20746.875,17013.345,20024.360714285714,20068.985000000004,train
2025-02-02,17303.71,24.719585714285714,2.5374714285714286,-1.5721571428571428,7.422542857142857,14.462528571428573,700,10.571428571428571,2025,2,2,6,1,33,False,False,True,False,17430.89,16644.385,20084.010000000002,20072.1925,train
2025-02-03,20980.65,29.972357142857145,4.186757142857143,-0.8220142857142858,8.9086,12.813242857142857,700,16.714285714285715,2025,2,3,0,0,34,False,False,True,False,17303.71,20925.89,20178.199285714283,20107.048214285714,train
2025-02-04,21180.165,30.25737857142857,4.034457142857143,0.3424285714285714,8.673314285714286,12.965542857142855,700,15.142857142857144,2025,2,4,1,0,35,False,False,True,False,20980.65,21710.695,20186.022142857142,20092.910357142857,train
2025-02-05,21630.495,30.90070714285714,3.216442857142857,-1.0273571428571429,8.457942857142857,13.783557142857143,700,16.28571428571429,2025,2,5,2,0,36,False,False,True,False,21180.165,21557.09,20110.23214285714,20055.155357142856,train
2025-02-06,21005.685,30.00812142857143,4.406071428571429,1.002,9.80267142857143,12.593928571428572,700,17.0,2025,2,6,3,0,37,False,False,True,False,21630.495,21572.245,20120.71857142857,20096.288571428573,train
2025-02-07,20971.985,29.95997857142857,4.395742857142857,1.0154285714285716,8.9061,12.604257142857142,700,14.857142857142858,2025,2,7,4,0,38,False,False,True,False,21005.685,20746.875,20039.78142857143,20073.46857142857,train
2025-02-08,16860.22,24.086028571428574,4.136685714285714,-0.07151428571428575,9.895971428571428,12.863314285714285,700,11.285714285714285,2025,2,8,5,1,39,False,False,True,False,20971.985,17430.89,20071.940000000002,20048.150357142855,train
2025-02-09,16812.16,24.01737142857143,3.898671428571429,-0.3651571428571429,10.590914285714286,13.101328571428573,700,10.857142857142858,2025,2,9,6,1,40,False,False,True,False,16860.22,17303.71,19990.415714285715,20037.21285714286,train
2025-02-10,20977.075,29.96725,4.706828571428572,-0.2574714285714286,9.625471428571428,12.293171428571428,700,14.285714285714285,2025,2,10,0,0,41,False,False,True,False,16812.16,20980.65,19920.194285714282,20049.196785714284,train
2025-02-11,20456.485,29.22355,6.535414285714285,1.9264428571428571,11.601642857142856,10.464585714285715,700,14.428571428571429,2025,2,11,1,0,42,False,False,True,False,20977.075,21180.165,19919.683571428573,20052.852857142858,train
2025-02-12,21142.62,30.203742857142856,4.585914285714286,1.342757142857143,9.125128571428572,12.414085714285715,700,14.714285714285714,2025,2,12,2,0,43,False,False,True,False,20456.485,21630.495,19816.300714285717,19963.266428571427,train
2025-02-13,21248.43,30.3549,4.4142,0.3446714285714286,9.871757142857144,12.585799999999999,700,16.0,2025,2,13,3,0,44,False,False,True,False,21142.62,21005.685,19746.604285714286,19933.661428571428,train
2025-02-14,21065.685,30.093835714285717,4.2358714285714285,0.9883428571428572,9.785971428571429,12.76412857142857,700,14.285714285714285,2025,2,14,4,0,45,False,False,True,False,21248.43,20971.985,19781.282142857144,19910.531785714287,train
2025-02-15,16876.85,24.109785714285714,4.483442857142857,0.037285714285714235,8.73722857142857,12.516557142857144,700,11.714285714285715,2025,2,15,5,1,46,False,False,True,False,21065.685,16860.22,19794.66785714286,19933.30392857143,train
2025-02-16,15769.735,22.52819285714286,6.724771428571429,2.2225,11.485385714285714,10.27522857142857,700,11.0,2025,2,16,6,1,47,False,False,True,False,16876.85,16812.16,19797.04357142857,19893.72964285714,train
2025-02-17,20940.17,29.91452857142857,4.398528571428571,0.18530000000000002,9.735442857142857,12.601471428571429,700,15.285714285714286,2025,2,17,0,0,48,False,False,True,False,15769.735,20977.075,19648.125714285714,19784.16,train
2025-02-18,20933.625,29.90517857142857,5.082314285714285,1.3519428571428571,10.106242857142856,11.917685714285716,700,14.857142857142858,2025,2,18,1,0,49,False,False,True,False,20940.17,20456.485,19642.85357142857,19781.268571428573,train
2025-02-19,21198.27,30.28324285714286,4.146814285714286,-0.3753714285714286,9.547942857142857,12.853185714285713,700,14.714285714285714,2025,2,19,2,0,50,False,False,True,False,20933.625,21142.62,19711.016428571427,19763.65857142857,train
2025-02-20,21106.73,30.152471428571427,5.027514285714286,1.3367,9.217542857142856,11.972485714285714,700,14.285714285714285,2025,2,20,3,0,51,False,False,True,False,21198.27,21248.43,19718.96642857143,19732.785357142857,train
2025-02-21,21103.09,30.14727142857143,4.271685714285714,0.6830714285714286,9.698342857142856,12.728314285714285,700,15.857142857142856,2025,2,21,4,0,52,False,False,True,False,21106.73,21065.685,19698.72357142857,19740.002857142856,train
2025-02-22,16016.89,22.881271428571427,6.138485714285713,2.6931285714285713,12.254614285714284,10.861514285714286,700,11.571428571428571,2025,2,22,5,1,53,False,False,True,False,21103.09,16876.85,19704.067142857144,19749.3675,train
2025-02-23,16140.14,23.057342857142856,5.381328571428571,1.1346,11.562885714285713,11.618671428571428,700,11.285714285714285,2025,2,23,6,1,54,False,False,True,False,16016.89,15769.735,19581.215714285714,19689.129642857144,train
2025-02-24,20743.495,29.633564285714286,5.8048714285714285,2.5989999999999998,11.363414285714287,11.195128571428572,700,14.714285714285714,2025,2,24,0,0,55,False,False,True,False,16140.14,20940.17,19634.13071428571,19641.128214285716,train
2025-02-25,20770.86,29.672657142857144,5.2976857142857146,2.0707999999999998,8.608757142857144,11.702314285714285,700,13.714285714285715,2025,2,25,1,0,56,False,False,True,False,20743.495,20933.625,19606.034285714286,19624.44392857143,train
2025-02-26,21055.755,30.07965,3.705957142857143,-0.7488142857142857,9.688142857142857,13.294042857142857,700,15.714285714285714,2025,2,26,2,0,57,False,False,True,False,20770.86,21198.27,19582.782142857144,19646.899285714284,train
2025-02-27,20653.36,29.5048,5.439385714285715,0.6128142857142858,9.756157142857143,11.560614285714285,700,15.714285714285714,2025,2,27,3,0,58,False,False,True,False,21055.755,21106.73,19562.42285714286,19640.694642857143,train
2025-02-28,20610.085,29.44297857142857,5.707685714285715,1.6735714285714285,10.586814285714285,11.292314285714285,700,14.142857142857142,2025,2,28,4,0,59,False,False,True,False,20653.36,21103.09,19497.655714285713,19598.189642857145,train
2025-03-01,15569.695,22.24242142857143,7.061428571428571,2.944971428571429,11.251414285714285,9.938571428571429,700,11.142857142857142,2025,3,1,5,1,60,False,False,False,True,20610.085,16016.89,19427.226428571426,19565.646785714285,train
2025-03-02,15451.15,22.073071428571428,6.9417285714285715,3.275571428571429,12.240142857142859,10.058271428571429,700,11.428571428571429,2025,3,2,6,1,61,False,False,False,True,15569.695,16140.14,19363.34142857143,19472.278571428575,train
2025-03-03,19730.43,28.18632857142857,7.370699999999999,3.0761285714285713,13.591742857142856,9.6293,700,13.857142857142858,2025,3,3,0,0,62,False,False,False,True,15451.15,20743.495,19264.914285714283,19449.5225,train
2025-03-04,20161.01,28.801442857142856,6.434028571428571,2.4549285714285713,11.9439,10.565971428571428,700,14.714285714285714,2025,3,4,1,0,63,False,False,False,True,19730.43,20770.86,19120.190714285716,19363.1125,train
2025-03-05,19998.785,28.569692857142858,6.9761,3.1921714285714287,12.387599999999999,10.023900000000001,700,13.857142857142858,2025,3,5,2,0,64,False,False,False,True,20161.01,21055.755,19033.06928571429,19307.925714285717,train
2025-03-06,20338.465,29.05495,5.376457142857143,1.2745857142857142,10.7379,11.623542857142859,700,14.857142857142858,2025,3,6,3,0,65,False,False,False,True,19998.785,20653.36,18882.073571428573,19222.24821428571,train
2025-03-07,19939.364999999998,28.48480714285714,6.5446,2.7890428571428574,12.146214285714287,10.455400000000001,700,15.428571428571427,2025,3,7,4,0,66,False,False,False,True,20338.465,20610.085,18837.088571428572,19167.372142857144,train
2025-03-08,15741.525,22.487892857142857,6.2538285714285715,2.4376857142857142,10.582585714285715,10.746171428571428,700,10.714285714285714,2025,3,8,5,1,67,False,False,False,True,19939.364999999998,15569.695,18741.27142857143,19084.24892857143,train
2025-03-09,16058.49,22.9407,5.9083000000000006,1.0397428571428573,10.530385714285716,11.0917,700,12.0,2025,3,9,6,1,68,False,False,False,True,15741.525,15451.15,18765.818571428572,19064.579999999998,train
2025-03-10,19441.47,27.773528571428574,7.719785714285713,2.927428571428571,13.183871428571427,9.280214285714287,700,15.285714285714286,2025,3,10,0,0,69,False,False,False,True,16058.49,19730.43,18852.58142857143,19058.747857142855,train
2025-03-11,19878.98,28.398542857142857,7.1577142857142855,3.7665,12.2989,9.842285714285715,700,13.428571428571429,2025,3,11,1,0,70,False,False,False,True,19441.47,20161.01,18811.301428571427,18965.746071428573,train
2025-03-12,19976.545,28.537921428571426,7.2296000000000005,3.7320714285714285,12.825314285714285,9.7704,700,13.0,2025,3,12,2,0,71,False,False,False,True,19878.98,19998.785,18771.01142857143,18902.040357142858,train
2025-03-13,19892.05,28.417214285714284,7.397442857142857,3.730742857142857,11.534685714285715,9.602557142857142,700,14.142857142857142,2025,3,13,3,0,72,False,False,False,True,19976.545,20338.465,18767.834285714285,18824.953928571427,train
2025-03-14,20345.73,29.06532857142857,5.978628571428572,2.2790857142857144,11.608614285714287,11.02137142857143,700,14.857142857142858,2025,3,14,4,0,73,False,False,False,True,19892.05,19939.364999999998,18704.060714285715,18770.57464285714,train
2025-03-15,15039.31,21.48472857142857,8.189128571428572,5.3584000000000005,12.101285714285714,8.810871428571428,700,11.0,2025,3,15,5,1,74,False,False,False,True,20345.73,15741.525,18762.112857142853,18751.692142857144,train
2025-03-16,15257.4,21.796285714285712,7.3641,4.0556,12.466285714285714,9.6359,700,11.0,2025,3,16,6,1,75,False,False,False,True,15039.31,16058.49,18661.79642857143,18713.8075,train
2025-03-17,19625.055,28.03579285714286,7.548614285714286,3.2222285714285714,12.845585714285715,9.451385714285715,700,14.428571428571429,2025,3,17,0,0,76,False,False,False,True,15257.4,19441.47,18547.355,18699.968214285713,train
2025-03-18,19998.38,28.56911428571429,6.833385714285714,2.2373285714285718,11.708557142857142,10.166614285714285,700,14.714285714285714,2025,3,18,1,0,77,False,False,False,True,19625.055,19878.98,18573.581428571426,18692.441428571427,train
2025-03-19,19357.704999999998,27.653864285714285,7.996742857142857,3.887,13.437457142857141,9.003257142857143,700,14.571428571428571,2025,3,19,2,0,78,False,False,False,True,19998.38,19976.545,18590.63857142857,18680.825,train
2025-03-20,19044.305,27.20615,9.292614285714286,5.5562571428571434,13.8202,7.7073857142857145,700,13.0,2025,3,20,3,0,79,False,False,False,True,19357.704999999998,19892.05,18502.23285714286,18635.033571428572,train
2025-03-21,19306.23,27.58032857142857,8.3247,4.1715,13.34172857142857,8.6753,700,13.714285714285715,2025,3,21,4,0,80,False,False,False,True,19044.305,20345.73,18381.126428571428,18542.59357142857,train
2025-03-22,15258.785,21.798264285714286,7.928328571428572,3.6292857142857144,11.889242857142856,9.07167142857143,700,11.428571428571429,2025,3,22,5,1,81,False,False,False,True,19306.23,15039.31,18232.626428571428,18497.369642857146,train
2025-03-23,14962.46,21.374942857142855,7.944042857142857,4.196014285714286,13.734714285714288,9.055957142857142,700,10.285714285714285,2025,3,23,6,1,82,False,False,False,True,15258.785,15257.4,18263.98,18462.888214285715,train
2025-03-24,19486.329999999998,27.837614285714285,8.293814285714285,4.535142857142857,12.899871428571428,8.706185714285715,700,13.285714285714286,2025,3,24,0,0,83,False,False,False,True,14962.46,19625.055,18221.84571428571,18384.600357142856,train
2025-03-25,19518.235,27.88319285714286,8.659142857142857,3.9238571428571425,14.736828571428573,8.340857142857143,700,13.714285714285715,2025,3,25,1,0,84,False,False,False,True,19486.329999999998,19998.38,18202.027857142857,18387.804642857143,train
2025-03-26,19287.345,27.553350000000002,9.001028571428572,4.753914285714286,14.249128571428571,7.998971428571428,700,13.142857142857142,2025,3,26,2,0,85,False,False,False,True,19518.235,19357.704999999998,18133.43571428571,18362.03714285714,train
2025-03-27,19050.78,27.2154,9.531285714285714,6.176471428571428,14.393742857142858,7.468714285714286,700,13.428571428571429,2025,3,27,3,0,86,False,False,False,True,19287.345,19044.305,18123.384285714284,18312.808571428573,train
2025-03-28,18564.415,26.52059285714286,10.38027142857143,5.8717,14.911700000000002,6.6197285714285705,700,13.285714285714286,2025,3,28,4,0,87,False,False,False,True,19050.78,19306.23,18124.309285714284,18252.71785714286,train
2025-03-29,14718.615,21.026592857142855,8.764757142857142,5.881400000000001,13.911999999999999,8.235242857142858,700,11.571428571428571,2025,3,29,5,1,88,False,False,False,True,18564.415,15258.785,18018.335714285717,18125.48107142857,train
2025-03-30,15039.845,21.485492857142855,8.997085714285713,5.841842857142857,13.888685714285714,8.002914285714287,700,11.142857142857142,2025,3,30,6,1,89,False,False,False,True,14718.615,14962.46,17941.16857142857,18102.574285714287,train
2025-03-31,19301.76,27.573942857142853,8.979414285714286,4.972914285714285,13.309871428571428,8.020585714285714,700,13.285714285714286,2025,3,31,0,0,90,False,False,False,True,15039.845,19486.329999999998,17952.22357142857,18087.034642857143,train
2025-04-01,18813.835,26.876907142857142,9.512599999999999,5.706842857142857,13.515128571428571,7.4874,700,13.571428571428571,2025,4,1,1,0,91,False,False,False,True,19301.76,19518.235,17925.856428571427,18063.94214285714,train
2025-04-02,18450.23,26.35747142857143,10.765814285714285,8.092285714285714,15.624371428571427,6.234185714285715,700,11.714285714285715,2025,4,2,2,0,92,False,False,False,True,18813.835,19287.345,17825.227857142858,17979.331785714287,train
2025-04-03,19000.61,27.14372857142857,9.423642857142857,6.075585714285714,13.773814285714286,7.576357142857143,700,13.142857142857142,2025,4,3,3,0,93,False,False,False,True,18450.23,19050.78,17705.64,17914.51214285714,train
2025-04-04,18310.93,26.158471428571428,10.787928571428571,6.097042857142857,15.74392857142857,6.212071428571428,700,12.428571428571429,2025,4,4,4,0,94,False,False,False,True,19000.61,18564.415,17698.472857142857,17911.39107142857,train
2025-04-05,14146.56,20.209371428571426,9.834985714285715,6.2025428571428565,14.060357142857143,7.165014285714286,700,11.0,2025,4,5,5,1,95,False,False,False,True,18310.93,14718.615,17662.260714285712,17840.298214285714,train
2025-04-06,13778.155,19.683078571428574,11.159942857142857,8.0708,16.357085714285713,5.840057142857143,700,10.714285714285714,2025,4,6,6,1,96,False,False,False,True,14146.56,15039.845,17580.538571428573,17760.85357142857,train
2025-04-07,18592.23,26.56032857142857,10.576342857142858,6.273471428571429,15.848985714285712,6.4236571428571425,700,13.0,2025,4,7,0,0,97,False,False,False,True,13778.155,19301.76,17400.297142857144,17676.260357142855,train
2025-04-08,18509.91,26.44272857142857,10.780271428571428,6.534457142857143,14.764785714285715,6.219728571428572,700,13.428571428571429,2025,4,8,1,0,98,False,False,False,True,18592.23,18813.835,17298.935714285715,17612.39607142857,train
2025-04-09,18817.14,26.88162857142857,10.083442857142858,5.7362,15.412971428571428,6.916557142857143,700,13.0,2025,4,9,2,0,99,False,False,False,True,18509.91,18450.23,17255.51785714286,17540.372857142855,train
2025-04-10,18508.79,26.44112857142857,11.444028571428571,7.642585714285714,15.862699999999998,5.555971428571429,700,13.0,2025,4,10,3,0,100,False,False,False,True,18817.14,19000.61,17307.933571428573,17506.786785714285,train
2025-04-11,18114.66,25.878085714285714,11.734857142857143,7.688071428571428,16.62232857142857,5.288942857142857,700,11.142857142857142,2025,4,11,4,0,101,False,False,False,True,18508.79,18310.93,17237.67357142857,17468.073214285712,train
2025-04-12,14146.735,20.20962142857143,10.230742857142857,6.1484000000000005,15.645371428571428,6.769257142857143,700,11.285714285714285,2025,4,12,5,1,102,False,False,False,True,18114.66,14146.56,17209.635,17435.94785714286,train
2025-04-13,13285.035,18.97862142857143,12.218728571428572,8.212299999999999,16.114185714285714,4.815814285714286,700,11.428571428571429,2025,4,13,6,1,103,False,False,False,True,14146.735,13778.155,17209.66,17395.099285714285,train
2025-04-14,18803.67,26.86238571428571,9.881614285714285,6.661642857142857,17.3035,7.118385714285714,700,11.714285714285715,2025,4,14,0,0,104,False,False,False,True,13285.035,18592.23,17139.214285714286,17269.755714285715,train
2025-04-15,17809.05,25.441499999999998,12.496571428571428,8.388185714285713,17.094628571428572,4.631571428571428,700,13.285714285714286,2025,4,15,1,0,105,False,False,False,True,18803.67,18509.91,17169.420000000002,17234.177857142855,train
2025-04-16,18213.69,26.019557142857142,11.717728571428571,7.605185714285715,15.712528571428573,5.282271428571429,700,12.428571428571429,2025,4,16,2,0,106,False,False,False,True,17809.05,18817.14,17069.297142857144,17162.407499999998,train
2025-04-17,17610.06,25.157228571428572,12.35842857142857,8.952871428571429,16.538085714285714,4.641571428571428,700,12.857142857142856,2025,4,17,3,0,107,False,False,False,True,18213.69,18508.79,16983.09,17145.511785714287,train
2025-04-18,17548.215,25.06887857142857,12.474314285714286,8.573028571428571,18.210385714285714,4.525685714285714,700,11.857142857142858,2025,4,18,4,0,108,False,False,False,True,17610.06,18114.66,16854.7,17046.186785714286,train
2025-04-19,13727.98,19.6114,11.170114285714286,6.164914285714286,16.23454285714286,5.829885714285714,700,11.857142857142858,2025,4,19,5,1,109,False,False,False,True,17548.215,14146.735,16773.779285714285,16991.707142857143,train
2025-04-20,13628.6,19.469428571428573,11.257557142857143,6.961528571428571,15.048042857142859,5.742442857142858,700,10.714285714285714,2025,4,20,6,1,110,False,False,False,True,13727.98,13285.035,16713.957142857143,16961.808571428573,train
2025-04-21,17786.94,25.409914285714283,12.161171428571429,8.745085714285715,17.425671428571427,4.9947,700,12.285714285714286,2025,4,21,0,0,111,False,False,False,True,13628.6,18803.67,16763.037857142856,16951.12607142857,train
2025-04-22,17328.19,24.75455714285714,13.42157142857143,9.658028571428572,18.60384285714286,3.658228571428571,700,12.285714285714286,2025,4,22,1,0,112,False,False,False,True,17786.94,17809.05,16617.790714285715,16893.605357142857,train
2025-04-23,17421.45,24.887785714285716,13.304471428571427,9.31662857142857,19.0328,3.695528571428571,700,11.857142857142858,2025,4,23,2,0,113,False,False,False,True,17328.19,18213.69,16549.096428571425,16809.196785714284,train
2025-04-24,17397.55,24.853642857142855,13.07077142857143,8.773214285714285,18.034557142857143,3.929228571428571,700,10.857142857142858,2025,4,24,3,0,114,False,False,False,True,17421.45,17610.06,16435.919285714284,16709.504642857144,train
2025-04-25,17402.49,24.8607,13.486757142857142,9.494857142857143,17.61517142857143,3.5623,700,12.285714285714286,2025,4,25,4,0,115,False,False,False,True,17397.55,17548.215,16405.56071428571,16630.130357142854,train
2025-04-26,12887.905,18.411292857142858,13.7454,10.411200000000001,18.995657142857144,3.2546000000000004,700,10.571428571428571,2025,4,26,5,1,116,False,False,False,True,17402.49,13727.98,16384.742857142857,16579.26107142857,train
2025-04-27,13228.18,18.8974,12.493542857142856,7.902671428571429,17.5429,4.506457142857143,700,12.0,2025,4,27,6,1,117,False,False,False,True,12887.905,13628.6,16264.732142857143,16489.344642857144,train
2025-04-28,17240.675,24.629535714285712,13.740214285714286,11.26142857142857,19.39827142857143,3.331185714285714,700,11.714285714285715,2025,4,28,0,0,118,False,False,False,True,13228.18,17786.94,16207.529285714287,16485.283571428572,train
2025-04-29,17158.19,24.511699999999998,13.5723,9.544971428571428,18.8241,3.4276999999999997,700,11.428571428571429,2025,4,29,1,0,119,False,False,False,True,17240.675,17328.19,16129.49142857143,16373.64107142857,train
2025-04-30,16972.1,24.24585714285714,14.27387142857143,10.3371,19.96857142857143,3.047514285714286,700,12.142857142857142,2025,4,30,2,0,120,False,False,False,True,17158.19,17421.45,16105.205714285714,16327.15107142857,train
2025-05-01,16604.195,23.720278571428572,14.581857142857142,10.5892,20.134142857142855,2.4397857142857142,700,11.857142857142858,2025,5,1,3,0,121,False,False,False,True,16972.1,17397.55,16041.012857142856,16238.466071428571,train
2025-05-02,16588.94,23.698485714285713,14.416985714285714,11.243085714285714,19.60685714285714,2.5830142857142855,700,11.428571428571429,2025,5,2,4,0,122,False,False,False,True,16604.195,17402.49,15927.676428571429,16166.618571428571,train
2025-05-03,12020.11,17.171585714285715,15.017042857142858,11.049257142857144,19.220242857142857,2.1328714285714288,700,11.428571428571429,2025,5,3,5,1,123,False,False,False,True,16588.94,12887.905,15811.455,16098.09892857143,train
2025-05-04,12485.435,17.836335714285713,14.001357142857144,10.375857142857143,18.552085714285713,3.0048428571428576,700,11.0,2025,5,4,6,1,124,False,False,False,True,12020.11,13228.18,15687.484285714285,15976.108214285714,train
2025-05-05,16197.735,23.13962142857143,15.651742857142857,11.803314285714285,20.953357142857143,1.7370142857142858,700,11.428571428571429,2025,5,5,0,0,125,False,False,False,True,12485.435,17240.675,15581.377857142856,15894.453571428572,train
2025-05-06,16461.435,23.516335714285717,14.462128571428572,9.2937,19.68615714285714,2.588614285714286,700,11.857142857142858,2025,5,6,1,0,126,False,False,False,True,16197.735,17158.19,15432.386428571428,15780.93892857143,train
2025-05-07,16388.03,23.411471428571428,15.6332,12.353985714285715,21.10297142857143,1.9878285714285715,700,11.285714285714285,2025,5,7,2,0,127,False,False,False,True,16461.435,16972.1,15332.850000000002,15719.027857142859,train
2025-05-08,16624.715,23.749592857142858,14.700071428571427,11.449071428571429,18.886185714285713,2.391157142857143,700,11.142857142857142,2025,5,8,3,0,128,False,False,False,True,16388.03,16604.195,15249.41142857143,15645.212142857143,train
2025-05-09,16360.0,23.37142857142857,15.6556,11.4917,20.978942857142858,1.7074428571428568,700,11.285714285714285,2025,5,9,4,0,129,False,False,False,True,16624.715,16588.94,15252.342857142858,15590.009642857143,train
2025-05-10,11645.855,16.636935714285713,17.04114285714286,12.917328571428573,22.760585714285714,1.0167285714285714,700,10.571428571428571,2025,5,10,5,1,130,False,False,False,True,16360.0,12020.11,15219.637142857144,15515.546071428573,train
2025-05-11,12341.66,17.630942857142855,14.446371428571428,10.700800000000001,19.2606,2.685228571428572,700,11.142857142857142,2025,5,11,6,1,131,False,False,False,True,11645.855,12485.435,15166.172142857144,15426.828214285712,train
2025-05-12,15901.09,22.715842857142857,16.740871428571428,12.465985714285715,21.408114285714287,0.820071428571429,700,12.285714285714286,2025,5,12,0,0,132,False,False,False,True,12341.66,16197.735,15145.632857142858,15363.505357142856,train
2025-05-13,16313.06,23.30437142857143,15.2856,10.951242857142857,20.198742857142857,1.888885714285714,700,11.571428571428571,2025,5,13,1,0,133,False,False,False,True,15901.09,16461.435,15103.255000000001,15267.820714285714,train
2025-05-14,16495.305,23.564721428571428,16.118657142857142,11.514542857142857,21.7724,1.6901285714285716,700,12.0,2025,5,14,2,0,134,False,False,False,True,16313.06,16388.03,15082.058571428572,15207.454285714286,train
2025-05-15,16394.755,23.421078571428573,15.790571428571429,11.846057142857143,20.128857142857143,1.6915571428571428,700,11.142857142857142,2025,5,15,3,0,135,False,False,False,True,16495.305,16624.715,15097.38357142857,15173.397500000001,train
2025-05-16,15630.3,22.329,17.10602857142857,13.062771428571429,21.7152,0.6715714285714285,700,11.285714285714285,2025,5,16,4,0,136,False,False,False,True,16394.755,16360.0,15064.532142857142,15158.4375,train
2025-05-17,11724.710000000001,16.749585714285715,17.533985714285713,13.61357142857143,22.69042857142857,1.1659428571428574,700,11.142857142857142,2025,5,17,5,1,137,False,False,False,True,15630.3,11645.855,14960.289285714285,15089.963214285714,train
2025-05-18,11598.655,16.569507142857145,16.9311,13.286171428571429,22.25567142857143,0.6723857142857143,700,10.714285714285714,2025,5,18,6,1,138,False,False,False,True,11724.710000000001,12341.66,14971.554285714286,15068.863214285713,train
2025-05-19,16017.915,22.882735714285715,16.6971,12.753885714285714,21.470685714285715,0.9027,700,11.285714285714285,2025,5,19,0,0,139,False,False,False,True,11598.655,15901.09,14865.410714285714,15005.521785714285,train
2025-05-20,15953.145,22.79020714285714,16.858042857142856,12.656028571428571,22.520028571428572,0.7364714285714289,700,11.428571428571429,2025,5,20,1,0,140,False,False,False,True,16017.915,16313.06,14882.1,14992.6775,train
2025-05-21,16071.465,22.959235714285715,18.4262,13.614328571428572,23.867771428571427,1.0324285714285715,700,12.714285714285714,2025,5,21,2,0,141,False,False,False,True,15953.145,16495.305,14830.683571428572,14956.371071428572,train
2025-05-22,15951.325,22.787607142857144,17.5114,12.788685714285714,22.936257142857144,0.6980857142857142,700,10.714285714285714,2025,5,22,3,0,142,False,False,False,True,16071.465,16394.755,14770.135,14933.759285714286,train
2025-05-23,15944.085000000001,22.77726428571429,16.416085714285714,11.6799,21.294385714285713,1.0724000000000005,700,11.571428571428571,2025,5,23,4,0,143,False,False,False,True,15951.325,15630.3,14706.78785714286,14885.66,train
2025-05-24,11714.53,16.735042857142858,18.333514285714287,14.369414285714287,22.37267142857143,0.6370285714285712,700,11.428571428571429,2025,5,24,5,1,144,False,False,False,True,15944.085000000001,11724.710000000001,14751.614285714286,14855.951785714287,train
2025-05-25,11346.63,16.209471428571426,19.273585714285716,15.461128571428572,24.80757142857143,0.11198571428571433,700,11.142857142857142,2025,5,25,6,1,145,False,False,False,True,11714.53,11598.655,14750.16,14860.857142857145,train
2025-05-26,15915.99,22.73712857142857,17.864385714285714,13.741685714285715,21.33472857142857,0.3360285714285715,700,12.142857142857142,2025,5,26,0,0,146,False,False,False,True,11346.63,16017.915,14714.156428571428,14789.783571428572,train
2025-05-27,15542.87,22.2041,18.0514,13.475071428571427,22.531014285714285,0.3876428571428572,700,11.571428571428571,2025,5,27,1,0,147,False,False,False,True,15915.99,15953.145,14699.595714285717,14790.847857142859,train
2025-05-28,15844.535,22.63505,17.471285714285713,13.345685714285713,22.123585714285714,0.6861285714285714,700,11.571428571428571,2025,5,28,2,0,148,False,False,False,True,15542.87,16071.465,14640.985,14735.834285714285,train
2025-05-29,15824.23,22.606042857142857,17.87532857142857,13.831514285714285,23.6412,0.6188285714285717,700,11.142857142857142,2025,5,29,3,0,149,False,False,False,True,15844.535,15951.325,14608.56642857143,14689.350714285714,train
2025-05-30,15706.585,22.43797857142857,18.5539,14.762557142857144,22.88102857142857,0.5725142857142858,700,11.571428571428571,2025,5,30,4,0,150,False,False,False,True,15824.23,15944.085000000001,14590.410000000002,14648.598928571428,train
2025-05-31,11498.55,16.426499999999997,19.9802,16.0468,24.328828571428573,0.07175714285714278,700,11.571428571428571,2025,5,31,5,1,151,False,False,False,True,15706.585,11714.53,14556.481428571427,14654.047857142858,train
2025-06-01,11386.08,16.26582857142857,19.792299999999997,15.423514285714287,24.26174285714286,0.06877142857142837,700,11.142857142857142,2025,6,1,6,1,152,False,True,False,False,11498.55,11346.63,14525.627142857144,14637.893571428573,train
2025-06-02,15452.055,22.074364285714285,19.527757142857144,15.236928571428573,23.728014285714288,0.09767142857142856,700,11.857142857142858,2025,6,2,0,0,153,False,True,False,False,11386.08,15915.99,14531.262857142856,14622.709642857142,train
2025-06-03,15717.15,22.453071428571427,18.41732857142857,13.765457142857143,23.509085714285714,0.059028571428571604,700,11.571428571428571,2025,6,3,1,0,154,False,True,False,False,15452.055,15542.87,14464.986428571428,14582.291071428572,train
2025-06-04,15640.55,22.343642857142857,19.3796,16.02097142857143,24.857799999999997,0.39620000000000005,700,12.0,2025,6,4,2,0,155,False,True,False,False,15717.15,15844.535,14489.88357142857,14565.434285714286,train
2025-06-05,16185.875,23.122678571428573,16.91912857142857,12.874328571428572,22.92468571428571,1.320542857142857,700,12.714285714285714,2025,6,5,3,0,156,False,True,False,False,15640.55,15824.23,14460.742857142857,14534.654642857142,train
2025-06-06,15492.22,22.131742857142857,18.768357142857145,13.869085714285715,24.77631428571428,0.37504285714285734,700,11.714285714285715,2025,6,6,4,0,157,False,True,False,False,16185.875,15706.585,14512.406428571428,14551.408214285713,train
2025-06-07,11464.09,16.37727142857143,18.608385714285717,14.245342857142857,23.343042857142855,0.5065285714285716,700,10.571428571428571,2025,6,7,5,1,158,False,True,False,False,15492.22,11498.55,14481.782857142858,14519.132142857141,train
2025-06-08,11471.97,16.38852857142857,18.461185714285715,14.54912857142857,23.290057142857144,0.20127142857142863,700,11.0,2025,6,8,6,1,159,False,True,False,False,11464.09,11386.08,14476.86,14501.24357142857,train
2025-06-09,15693.225,22.418892857142858,18.7804,14.579585714285715,24.638885714285717,0.6515142857142859,700,11.428571428571429,2025,6,9,0,0,160,False,True,False,False,11471.97,15452.055,14489.130000000001,14510.19642857143,train
2025-06-10,15582.385,22.260550000000002,20.965,17.577857142857145,26.35154285714286,0.016800000000000138,700,11.714285714285715,2025,6,10,1,0,161,False,True,False,False,15693.225,15717.15,14523.582857142857,14494.284642857141,train
2025-06-11,15320.855,21.886935714285713,20.217485714285715,16.779742857142857,24.6501,0.03677142857142838,700,12.142857142857142,2025,6,11,2,0,162,False,True,False,False,15582.385,15640.55,14504.330714285714,14497.107142857143,train
2025-06-12,15444.415,22.06345,18.929257142857143,15.606328571428572,24.68032857142857,0.3782428571428571,700,12.285714285714286,2025,6,12,3,0,163,False,True,False,False,15320.855,16185.875,14458.66,14459.701428571427,train
2025-06-13,15372.02,21.960028571428573,19.936914285714288,14.87337142857143,24.553214285714287,0.21779999999999988,700,11.428571428571429,2025,6,13,4,0,164,False,True,False,False,15444.415,15492.22,14352.73714285714,14432.571785714286,train
2025-06-14,11137.365,15.910521428571428,20.626614285714286,16.48541428571429,26.056685714285713,0.0,700,11.0,2025,6,14,5,1,165,False,True,False,False,15372.02,11464.09,14335.565714285714,14408.674285714285,train
2025-06-15,11337.975,16.197107142857142,19.897614285714287,15.044757142857144,25.237914285714286,0.07058571428571422,700,10.857142857142858,2025,6,15,6,1,166,False,True,False,False,11137.365,11471.97,14288.890714285715,14382.875357142857,train
2025-06-16,15605.155,22.293078571428573,19.45264285714286,15.083171428571427,24.4876,0.24940000000000007,700,12.714285714285714,2025,6,16,0,0,167,False,True,False,False,11337.975,15693.225,14269.74857142857,14379.439285714285,train
2025-06-17,15554.9,22.221285714285713,19.72067142857143,15.960299999999998,25.307642857142856,0.40962857142857134,700,11.857142857142858,2025,6,17,1,0,168,False,True,False,False,15605.155,15582.385,14257.167142857144,14390.375,train
2025-06-18,15584.545,22.263635714285716,18.820200000000003,14.176828571428572,23.552614285714288,0.6205999999999998,700,11.571428571428571,2025,6,18,2,0,169,False,True,False,False,15554.9,15320.855,14253.240714285714,14378.785714285714,train
2025-06-19,15409.085000000001,22.012978571428572,20.637085714285714,15.924700000000001,25.327214285714284,0.0,700,12.142857142857142,2025,6,19,3,0,170,False,True,False,False,15584.545,15444.415,14290.910714285714,14374.785357142857,train
2025-06-20,15358.735,21.94105,20.879585714285717,16.343357142857144,25.648885714285715,0.0,700,11.285714285714285,2025,6,20,4,0,171,False,True,False,False,15409.085000000001,15372.02,14285.863571428574,14319.300357142858,train
2025-06-21,11227.34,16.039057142857143,21.7533,17.73062857142857,26.549057142857144,0.0,700,10.857142857142858,2025,6,21,5,1,172,False,True,False,False,15358.735,11137.365,14283.965714285716,14309.765714285715,train
2025-06-22,11175.905,15.965578571428573,19.976314285714285,15.345714285714285,23.335171428571428,0.0,700,10.571428571428571,2025,6,22,6,1,173,False,True,False,False,11227.34,11337.975,14296.819285714286,14292.855,train
2025-06-23,15473.195,22.104564285714286,20.119928571428574,15.6867,25.322085714285713,0.07521428571428555,700,11.714285714285715,2025,6,23,0,0,174,False,True,False,False,11175.905,15605.155,14273.66642857143,14271.707500000002,train
2025-06-24,15546.495,22.209278571428573,21.85017142857143,18.752857142857142,26.27044285714286,0.0,700,11.714285714285715,2025,6,24,1,0,175,False,True,False,False,15473.195,15554.9,14254.815000000002,14255.99107142857,train
2025-06-25,15422.295,22.03185,21.086671428571428,18.2626,24.84238571428571,0.0,700,11.571428571428571,2025,6,25,2,0,176,False,True,False,False,15546.495,15584.545,14253.614285714286,14253.4275,train
2025-06-26,15344.395,21.920564285714285,21.111714285714285,15.882742857142857,26.862514285714283,0.0,700,12.285714285714286,2025,6,26,3,0,177,False,True,False,False,15422.295,15409.085000000001,14230.435714285715,14260.673214285716,train
2025-06-27,15421.495,22.030707142857143,21.136657142857143,16.39347142857143,25.378957142857143,0.0,700,11.714285714285715,2025,6,27,4,0,178,False,True,False,False,15344.395,15358.735,14221.194285714286,14253.528928571428,train
2025-06-28,11348.625,16.21232142857143,21.295828571428572,18.036314285714287,26.401957142857142,0.08539999999999992,700,11.0,2025,6,28,5,1,179,False,True,False,False,15421.495,11227.34,14230.16,14257.062857142857,train
2025-06-29,11249.9,16.071285714285715,20.432885714285714,16.6196,25.815985714285713,0.2207571428571428,700,11.142857142857142,2025,6,29,6,1,180,False,True,False,False,11348.625,11175.905,14247.486428571428,14272.152857142859,train
2025-06-30,15435.705,22.05100714285714,22.055114285714286,18.18972857142857,26.680814285714284,0.30472857142857146,700,10.714285714285714,2025,6,30,0,0,181,False,True,False,False,11249.9,15473.195,14258.057142857142,14265.861785714285,train
2025-07-01,15497.475,22.13925,20.2586,15.23162857142857,25.17892857142857,0.23601428571428598,700,11.857142857142858,2025,7,1,1,0,182,False,True,False,False,15435.705,15546.495,14252.701428571427,14253.758214285714,train
2025-07-02,15628.28,22.326114285714286,19.968957142857143,16.209585714285716,24.637242857142855,0.4942,700,11.571428571428571,2025,7,2,2,0,183,False,True,False,False,15497.475,15422.295,14245.698571428571,14249.656428571428,train
2025-07-03,15492.64,22.132342857142856,20.865571428571428,16.1266,26.253971428571425,0.0,700,12.428571428571429,2025,7,3,3,0,184,False,True,False,False,15628.28,15344.395,14275.125,14252.780357142858,train
2025-07-04,15499.33,22.1419,20.43202857142857,17.362657142857145,25.727757142857143,0.4547571428571429,700,12.428571428571429,2025,7,4,4,0,185,False,True,False,False,15492.64,15421.495,14296.302857142857,14258.748571428572,train
2025-07-05,11395.365,16.279092857142857,22.109928571428572,18.128957142857143,27.15912857142857,0.0,700,11.428571428571429,2025,7,5,5,1,186,False,True,False,False,15499.33,11348.625,14307.422142857144,14268.791071428572,train
2025-07-06,11421.155,16.315935714285715,21.918657142857143,18.395085714285713,26.2875,0.0,700,10.714285714285714,2025,7,6,6,1,187,False,True,False,False,11395.365,11249.9,14314.099285714286,14280.792857142858,train
2025-07-07,15871.43,22.67347142857143,21.1636,17.52772857142857,25.504485714285714,0.4578,700,11.714285714285715,2025,7,7,0,0,188,False,True,False,False,11421.155,15435.705,14338.564285714287,14298.310714285715,train
2025-07-08,15571.565,22.245092857142858,21.15152857142857,17.11735714285714,26.049857142857146,0.012985714285714258,700,12.0,2025,7,8,1,0,189,False,True,False,False,15871.43,15497.475,14400.810714285715,14326.756071428574,train
2025-07-09,15656.19,22.365985714285713,21.701042857142856,17.736842857142857,26.89531428571429,0.0,700,11.857142857142858,2025,7,9,2,0,190,False,True,False,False,15571.565,15628.28,14411.395,14328.546785714288,train
2025-07-10,15528.43,22.18347142857143,20.197,16.340185714285713,25.2845,0.05180000000000014,700,12.428571428571429,2025,7,10,3,0,191,False,True,False,False,15656.19,15492.64,14415.382142857143,14345.253571428571,train
2025-07-11,15363.95,21.948500000000003,21.099485714285713,16.698171428571428,25.691342857142857,0.0,700,10.571428571428571,2025,7,11,4,0,192,False,True,False,False,15528.43,15499.33,14420.494999999999,14358.39892857143,train
2025-07-12,11169.5,15.956428571428571,21.204642857142858,16.82232857142857,26.25574285714286,0.0,700,10.285714285714285,2025,7,12,5,1,193,False,True,False,False,15363.95,11395.365,14401.155,14354.28857142857,train
2025-07-13,11266.26,16.094657142857145,20.79052857142857,16.752685714285715,26.633442857142857,0.0,700,11.142857142857142,2025,7,13,6,1,194,False,True,False,False,11169.5,11421.155,14368.888571428572,14341.493928571426,train
2025-07-14,15539.175,22.198821428571428,20.0846,15.4308,24.586214285714284,0.15600000000000006,700,11.428571428571429,2025,7,14,0,0,195,False,True,False,False,11266.26,15871.43,14346.760714285714,14342.6625,train
2025-07-15,15484.960000000001,22.12137142857143,20.990857142857145,16.087842857142856,26.631371428571427,0.0,700,11.857142857142858,2025,7,15,1,0,196,False,True,False,False,15539.175,15571.565,14299.295714285716,14350.053214285714,train
2025-07-16,15286.155,21.837364285714287,21.71795714285714,18.246114285714288,27.129728571428572,0.0,700,11.428571428571429,2025,7,16,2,0,197,False,True,False,False,15484.960000000001,15656.19,14286.923571428571,14349.159285714286,train
2025-07-17,15412.445,22.017778571428572,19.697757142857142,15.458614285714287,25.466357142857145,0.04059999999999987,700,11.428571428571429,2025,7,17,3,0,198,False,True,False,False,15286.155,15528.43,14234.06142857143,14324.721785714286,train
2025-07-18,15460.47,22.086385714285715,21.985214285714285,17.822300000000002,26.716785714285713,0.0,700,11.142857142857142,2025,7,18,4,0,199,False,True,False,False,15412.445,15363.95,14217.492142857142,14318.993571428571,train
2025-07-19,11329.03,16.184328571428573,18.9247,15.171999999999999,24.1626,0.05180000000000014,700,10.714285714285714,2025,7,19,5,1,200,False,True,False,False,15460.47,11169.5,14231.280714285715,14316.217857142856,train
2025-07-20,11561.89,16.516985714285713,21.93947142857143,18.384414285714286,27.019085714285715,0.0,700,10.428571428571429,2025,7,20,6,1,201,False,True,False,False,11329.03,11266.26,14254.070714285714,14311.479642857144,train
2025-07-21,15329.845,21.89977857142857,20.1306,14.9445,25.963842857142854,0.0,700,12.285714285714286,2025,7,21,0,0,202,False,True,False,False,11561.89,15539.175,14296.30357142857,14321.532142857144,train
2025-07-22,15825.8,22.608285714285714,21.999914285714286,17.780728571428572,28.07237142857143,0.4724571428571429,700,11.285714285714285,2025,7,22,1,0,203,False,True,False,False,15329.845,15484.960000000001,14266.399285714286,14282.8475,train
2025-07-23,16004.565,22.863664285714286,22.39897142857143,19.199985714285713,26.963471428571427,0.0,700,11.142857142857142,2025,7,23,2,0,204,False,True,False,False,15825.8,15286.155,14315.090714285714,14301.007142857141,train
2025-07-24,15541.495,22.202135714285717,21.62054285714286,17.86444285714286,26.74357142857143,0.0,700,11.857142857142858,2025,7,24,3,0,205,False,True,False,False,16004.565,15412.445,14417.720714285713,14325.89107142857,train
2025-07-25,15333.905,21.905578571428574,21.387114285714286,16.749871428571428,27.34672857142857,0.0,700,11.428571428571429,2025,7,25,4,0,206,False,True,False,False,15541.495,15460.47,14436.156428571428,14326.824285714285,train
2025-07-26,11514.36,16.449085714285715,20.232485714285716,17.358185714285714,25.48557142857143,0.3780285714285714,700,10.714285714285714,2025,7,26,5,1,207,False,True,False,False,15333.905,11329.03,14418.075714285715,14324.678214285716,train
2025-07-27,11208.33,16.0119,21.071014285714284,16.494,25.757,0.0,700,11.0,2025,7,27,6,1,208,False,True,False,False,11514.36,11561.89,14444.551428571429,14349.311071428572,train
2025-07-28,15480.375,22.114821428571428,21.19214285714286,17.166428571428572,25.356699999999996,0.0,700,12.0,2025,7,28,0,0,209,False,True,False,False,11208.33,15329.845,14394.042857142858,14345.173214285713,train
2025-07-29,15331.2,21.901714285714288,21.86932857142857,18.271185714285714,25.596,0.0,700,10.857142857142858,2025,7,29,1,0,210,False,True,False,False,15480.375,15825.8,14415.547142857144,14340.973214285714,train
2025-07-30,15437.345,22.05335,22.116171428571427,18.047385714285713,26.287985714285714,0.0,700,11.0,2025,7,30,2,0,211,False,True,False,False,15331.2,16004.565,14344.89,14329.990357142857,train
2025-07-31,15651.28,22.35897142857143,21.415485714285715,17.967942857142855,25.37902857142857,0.0,700,11.428571428571429,2025,7,31,3,0,212,False,True,False,False,15437.345,15541.495,14263.858571428571,14340.789642857142,train
2025-08-01,15661.295,22.37327857142857,22.666228571428572,18.57651428571429,28.175157142857145,0.0,700,11.571428571428571,2025,8,1,4,0,213,False,True,False,False,15651.28,15333.905,14279.542142857143,14357.849285714285,train
2025-08-02,11370.575,16.24367857142857,21.123585714285714,17.425542857142855,26.274014285714287,0.0,700,11.142857142857142,2025,8,2,5,1,214,False,True,False,False,15661.295,11514.36,14326.312142857143,14372.193928571429,train
2025-08-03,11127.09,15.895842857142858,20.331085714285713,16.6635,24.906314285714284,0.0,700,11.142857142857142,2025,8,3,6,1,215,False,True,False,False,11370.575,11208.33,14305.77142857143,14375.161428571428,train
2025-08-04,15238.365,21.76909285714286,21.480228571428572,17.73774285714286,26.368514285714284,0.0,700,11.0,2025,8,4,0,0,216,False,True,False,False,11127.09,15480.375,14294.165714285715,14344.104285714286,train
2025-08-05,15326.699999999999,21.895285714285713,21.233885714285712,17.576985714285712,25.96035714285714,0.0,700,11.285714285714285,2025,8,5,1,0,217,False,True,False,False,15238.365,15331.2,14259.592857142856,14337.570000000002,train
2025-08-06,15335.065,21.907235714285715,19.78167142857143,16.873742857142854,24.36357142857143,0.5299714285714286,700,10.428571428571429,2025,8,6,2,0,218,False,True,False,False,15326.699999999999,15437.345,14258.95,14301.92,train
2025-08-07,15438.39,22.054842857142855,20.876785714285713,16.600385714285714,25.398957142857142,0.23240000000000008,700,12.428571428571429,2025,8,7,3,0,219,False,True,False,False,15335.065,15651.28,14244.33857142857,14254.098571428573,train
2025-08-08,15357.375,21.939107142857143,20.234185714285715,16.092628571428573,25.868957142857145,0.0,700,11.571428571428571,2025,8,8,4,0,220,False,True,False,False,15438.39,15661.295,14213.925714285715,14246.73392857143,train
2025-08-09,11103.73,15.862471428571428,20.138871428571427,16.369128571428572,24.514814285714284,0.0,700,9.571428571428571,2025,8,9,5,1,221,False,True,False,False,15357.375,11370.575,14170.50857142857,14248.410357142857,train
2025-08-10,11468.5,16.38357142857143,21.010514285714287,16.566157142857143,26.05182857142857,0.0,700,11.571428571428571,2025,8,10,6,1,222,False,True,False,False,11103.73,11127.09,14132.387857142856,14219.079642857143,train
2025-08-11,15332.35,21.903357142857143,21.406314285714284,17.716685714285713,25.88261428571429,0.0,700,12.0,2025,8,11,0,0,223,False,True,False,False,11468.5,15238.365,14181.160714285714,14237.663214285712,train
2025-08-12,15314.345,21.877635714285713,19.457028571428573,14.8956,24.887,0.1772999999999998,700,11.0,2025,8,12,1,0,224,False,True,False,False,15332.35,15326.699999999999,14194.587142857143,14227.089999999998,train
2025-08-13,15334.615,21.906592857142858,20.67912857142857,16.61994285714286,25.24544285714286,0.09694285714285725,700,11.571428571428571,2025,8,13,2,0,225,False,True,False,False,15314.345,15335.065,14192.822142857141,14225.886071428571,train
2025-08-14,15537.215,22.196021428571427,21.844757142857144,17.720871428571428,27.29197142857143,0.0,700,11.857142857142858,2025,8,14,3,0,226,False,True,False,False,15334.615,15438.39,14192.757857142858,14218.548214285713,train
2025-08-15,15446.625,22.066607142857144,21.246914285714286,18.147014285714285,26.56465714285714,0.1527428571428572,700,11.142857142857142,2025,8,15,4,0,227,False,True,False,False,15537.215,15357.375,14206.875714285716,14210.400714285715,train
2025-08-16,11354.145,16.220207142857145,20.90787142857143,16.248314285714287,26.041157142857145,0.0,700,11.428571428571429,2025,8,16,5,1,228,False,True,False,False,15446.625,11103.73,14219.625714285716,14195.067142857142,train
2025-08-17,11423.16,16.3188,19.601642857142856,15.711014285714285,25.500814285714284,0.0,700,10.857142857142858,2025,8,17,6,1,229,False,True,False,False,11354.145,11468.5,14255.399285714286,14193.893571428573,train
2025-08-18,15321.145,21.88735,21.322,17.13227142857143,26.398885714285715,0.0,700,11.0,2025,8,18,0,0,230,False,True,False,False,11423.16,15332.35,14248.922142857144,14215.04142857143,train
2025-08-19,15237.945,21.768492857142856,21.21665714285714,17.914214285714287,24.9795,0.0,700,11.714285714285715,2025,8,19,1,0,231,False,True,False,False,15321.145,15314.345,14247.32142857143,14220.954285714284,train
2025-08-20,15501.18,22.14454285714286,18.607285714285716,15.250900000000001,23.483214285714286,0.4195428571428572,700,11.285714285714285,2025,8,20,2,0,232,False,True,False,False,15237.945,15334.615,14236.407142857144,14214.614642857143,train
2025-08-21,15258.385,21.797692857142856,20.489642857142858,16.191985714285714,25.348785714285718,0.0,700,11.571428571428571,2025,8,21,3,0,233,False,True,False,False,15501.18,15537.215,14260.202142857142,14226.48,train
2025-08-22,15393.83,21.991185714285713,20.425028571428573,15.818785714285713,24.178771428571427,0.0,700,12.0,2025,8,22,4,0,234,False,True,False,False,15258.385,15446.625,14220.369285714287,14213.6225,train
2025-08-23,11224.635,16.035192857142857,20.93078571428571,16.705085714285712,26.208571428571428,0.1014,700,10.428571428571429,2025,8,23,5,1,235,False,True,False,False,15393.83,11354.145,14212.827142857144,14216.226428571428,train
2025-08-24,11425.97,16.322814285714283,19.6767,15.155285714285712,24.414485714285714,0.37217142857142854,700,10.285714285714285,2025,8,24,6,1,236,False,True,False,False,11224.635,11423.16,14194.325714285715,14224.862500000001,train
2025-08-25,15380.039999999999,21.971485714285713,19.6202,15.839971428571427,24.078714285714288,0.28465714285714294,700,11.714285714285715,2025,8,25,0,0,237,False,True,False,False,11425.97,15321.145,14194.727142857142,14221.824642857144,train
2025-08-26,15597.21,22.28172857142857,18.95577142857143,15.010128571428572,23.869385714285713,0.36765714285714274,700,12.428571428571429,2025,8,26,1,0,238,False,True,False,False,15380.039999999999,15237.945,14203.140714285715,14225.231071428572,train
2025-08-27,15615.64,22.30805714285714,19.18,15.561171428571429,23.93782857142857,0.14374285714285706,700,12.0,2025,8,27,2,0,239,False,True,False,False,15597.21,15501.18,14254.464285714286,14245.435714285715,train
2025-08-28,15525.53,22.179328571428574,19.19204285714286,14.726471428571427,23.352385714285713,0.3761714285714283,700,12.142857142857142,2025,8,28,3,0,240,False,True,False,False,15615.64,15258.385,14270.815714285714,14265.50892857143,train
2025-08-29,15417.89,22.025557142857142,19.532285714285713,15.243585714285715,24.12924285714286,0.2325428571428572,700,11.428571428571429,2025,8,29,4,0,241,False,True,False,False,15525.53,15393.83,14308.979285714286,14264.674285714284,train
2025-08-30,11546.11,16.494442857142857,19.67194285714286,15.900614285714287,25.553514285714286,0.39685714285714285,700,11.142857142857142,2025,8,30,5,1,242,False,True,False,False,15417.89,11224.635,14312.416428571427,14262.621785714286,train
2025-08-31,11254.25,16.0775,19.037528571428574,15.392414285714286,23.163142857142855,0.0,700,11.714285714285715,2025,8,31,6,1,243,False,True,False,False,11546.11,11425.97,14358.341428571428,14276.33357142857,train
2025-09-01,15631.38,22.330542857142856,19.39717142857143,14.744714285714284,26.595071428571426,0.7451571428571429,700,12.0,2025,9,1,0,0,244,True,False,False,False,11254.25,15380.039999999999,14333.81,14264.26857142857,train
2025-09-02,15658.914999999999,22.36987857142857,17.943,14.32817142857143,23.4445,0.7025142857142854,700,11.285714285714285,2025,9,2,1,0,245,True,False,False,False,15631.38,15597.21,14369.715714285716,14286.428214285714,train
2025-09-03,15614.54,22.306485714285717,18.691385714285715,15.248399999999998,24.091157142857146,0.15711428571428546,700,12.142857142857142,2025,9,3,2,0,246,True,False,False,False,15658.914999999999,15615.64,14378.530714285715,14316.4975,train
2025-09-04,15504.0,22.14857142857143,20.038742857142857,16.593085714285714,25.405242857142856,0.09519999999999997,700,11.142857142857142,2025,9,4,3,0,247,True,False,False,False,15614.54,15525.53,14378.37357142857,14324.594642857144,train
2025-09-05,15747.165,22.49595,17.87964285714286,12.854214285714287,23.30967142857143,0.5084285714285712,700,12.0,2025,9,5,4,0,248,True,False,False,False,15504.0,15417.89,14375.297857142856,14342.138571428572,train
2025-09-06,11471.225,16.387464285714287,18.562057142857142,14.28077142857143,24.627414285714284,0.5197571428571426,700,10.857142857142858,2025,9,6,5,1,249,True,False,False,False,15747.165,11546.11,14422.337142857143,14367.376785714285,train
2025-09-07,11209.625,16.01375,18.821571428571428,14.194985714285714,23.35087142857143,0.0520714285714285,700,11.428571428571429,2025,9,7,6,1,250,True,False,False,False,11471.225,11254.25,14411.639285714287,14384.990357142857,train
2025-09-08,15623.205,22.318864285714287,18.772185714285715,13.407914285714288,23.403528571428573,0.49598571428571436,700,11.428571428571429,2025,9,8,0,0,251,True,False,False,False,11209.625,15631.38,14405.264285714287,14369.537142857142,train
2025-09-09,15333.305,21.904721428571428,19.0353,15.518114285714287,24.520285714285716,0.1496285714285716,700,11.428571428571429,2025,9,9,1,0,252,True,False,False,False,15623.205,15658.914999999999,14404.096428571427,14386.906071428572,train
2025-09-10,15537.115,22.195878571428572,19.883785714285715,15.992471428571427,25.248185714285714,0.09141428571428561,700,11.571428571428571,2025,9,10,2,0,253,True,False,False,False,15333.305,15614.54,14357.580714285714,14368.055714285714,train
2025-09-11,15331.54,21.9022,18.216557142857145,15.006571428571428,22.88374285714286,0.0011857142857144636,700,11.0,2025,9,11,3,0,254,True,False,False,False,15537.115,15504.0,14346.520000000002,14362.446785714286,train
2025-09-12,16099.175,22.99882142857143,17.76194285714286,13.604471428571427,22.395285714285716,0.8918571428571431,700,11.857142857142858,2025,9,12,4,0,255,True,False,False,False,15331.54,15747.165,14321.882857142858,14348.590357142859,train
2025-09-13,12048.87,17.21267142857143,16.542428571428573,12.9558,21.25144285714286,1.8306,700,11.0,2025,9,13,5,1,256,True,False,False,False,16099.175,11471.225,14372.17,14397.253571428571,train
2025-09-14,11360.85,16.229785714285715,18.031399999999998,13.995257142857144,23.04067142857143,0.019600000000000072,700,10.714285714285714,2025,9,14,6,1,257,True,False,False,False,12048.87,11209.625,14454.690714285713,14433.165000000003,train
2025-09-15,15588.855,22.269792857142857,18.046757142857142,13.456000000000001,22.67142857142857,0.7850999999999999,700,12.714285714285714,2025,9,15,0,0,258,True,False,False,False,11360.85,15623.205,14476.294285714286,14440.779285714287,train
2025-09-16,15613.19,22.304557142857142,17.953071428571427,13.097971428571428,21.647657142857145,0.719514285714286,700,11.285714285714285,2025,9,16,1,0,259,True,False,False,False,15588.855,15333.305,14471.387142857144,14437.741785714286,train
2025-09-17,15785.42,22.5506,17.59164285714286,14.086628571428571,22.714442857142856,0.8653142857142855,700,12.428571428571429,2025,9,17,2,0,260,True,False,False,False,15613.19,15537.115,14511.370714285715,14434.475714285714,train
2025-09-18,16015.425,22.87917857142857,17.254985714285713,12.876714285714288,22.604257142857143,1.4051,700,11.0,2025,9,18,3,0,261,True,False,False,False,15785.42,15331.54,14546.842857142858,14446.681428571426,train
2025-09-19,15827.64,22.610914285714284,16.322842857142856,11.780571428571427,22.00382857142857,1.0848142857142855,700,11.714285714285715,2025,9,19,4,0,262,True,False,False,False,16015.425,16099.175,14644.540714285715,14483.211785714286,train
2025-09-20,11841.435,16.916335714285715,16.496128571428574,12.440199999999999,21.436985714285715,1.2657571428571432,700,11.0,2025,9,20,5,1,263,True,False,False,False,15827.64,12048.87,14605.75,14488.960000000001,train
2025-09-21,11637.635,16.625192857142856,16.745628571428572,13.130314285714284,22.519642857142856,0.9531142857142855,700,11.571428571428571,2025,9,21,6,1,264,True,False,False,False,11841.435,11360.85,14576.11642857143,14515.403571428571,train
2025-09-22,16049.18,22.9274,16.501714285714286,12.42255714285714,20.844842857142858,1.4135285714285712,700,11.571428571428571,2025,9,22,0,0,265,True,False,False,False,11637.635,15588.855,14615.657142857142,14545.975714285714,train
2025-09-23,15582.985,22.261407142857145,17.34777142857143,13.868828571428573,21.5197,0.3144428571428569,700,11.142857142857142,2025,9,23,1,0,266,True,False,False,False,16049.18,15613.19,14681.417857142858,14576.402499999998,train
2025-09-24,16352.425,23.36060714285714,15.6532,12.025085714285714,20.70997142857143,1.7221714285714285,700,12.142857142857142,2025,9,24,2,0,267,True,False,False,False,15582.985,15785.42,14677.102857142858,14594.236785714285,train
2025-09-25,16010.445,22.872064285714284,16.986228571428573,13.69662857142857,23.30737142857143,0.9641142857142856,700,11.428571428571429,2025,9,25,3,0,268,True,False,False,False,16352.425,16015.425,14758.103571428572,14652.473214285714,train
2025-09-26,16010.975,22.87282142857143,16.32945714285714,12.38352857142857,20.9925,1.3358714285714288,700,11.142857142857142,2025,9,26,4,0,269,True,False,False,False,16010.445,15827.64,14757.392142857143,14700.966428571428,train
2025-09-27,12657.67,18.082385714285714,14.046285714285714,10.559857142857142,20.073885714285712,3.5417142857142863,700,10.857142857142858,2025,9,27,5,1,270,True,False,False,False,16010.975,11841.435,14783.582857142857,14694.66642857143,train
2025-09-28,11965.425,17.093464285714283,15.835285714285716,11.263142857142856,20.800371428571427,1.4456714285714287,700,10.428571428571429,2025,9,28,6,1,271,True,False,False,False,12657.67,11637.635,14900.187857142857,14738.152142857141,train
2025-09-29,16530.85,23.615499999999997,14.239414285714286,10.491242857142858,18.5108,2.760585714285715,700,12.142857142857142,2025,9,29,0,0,272,True,False,False,False,11965.425,16049.18,14947.015000000001,14781.336071428572,train
2025-09-30,16403.23,23.433185714285713,14.3163,10.450014285714285,18.719985714285713,2.7600714285714285,700,12.285714285714286,2025,9,30,1,0,273,True,False,False,False,16530.85,15582.985,15015.824999999999,14848.621428571429,train
2025-10-01,16368.42,23.383457142857143,15.281828571428573,10.755942857142857,20.414371428571428,1.7937714285714284,700,12.857142857142856,2025,10,1,2,0,274,True,False,False,False,16403.23,16352.425,15133.002857142856,14905.052857142857,test
2025-10-02,16895.27,24.1361,14.707514285714286,10.604628571428572,20.267057142857144,2.292485714285714,700,11.142857142857142,2025,10,2,3,0,275,True,False,False,False,16368.42,16010.445,15135.287857142857,14946.695714285715,test
2025-10-03,17249.075,24.641535714285716,13.122414285714287,8.720071428571428,18.272085714285712,3.8775857142857144,700,12.571428571428573,2025,10,3,4,0,276,True,False,False,False,16895.27,16010.975,15261.691428571428,15009.541785714286,test
2025-10-04,12666.405,18.094864285714287,14.676585714285714,10.288585714285714,20.691957142857145,2.7337428571428575,700,10.714285714285714,2025,10,4,5,1,277,True,False,False,False,17249.075,12657.67,15438.562857142855,15111.072857142859,test
2025-10-05,12675.355,18.10765,13.937728571428572,9.127857142857144,19.508114285714285,3.1575,700,11.571428571428571,2025,10,5,6,1,278,True,False,False,False,12666.405,11965.425,15439.810714285713,15169.999285714288,test
2025-10-06,17236.465,24.62352142857143,13.658185714285713,9.338057142857144,17.3368,3.341814285714286,700,12.571428571428573,2025,10,6,0,0,279,True,False,False,False,12675.355,16530.85,15541.229285714287,15244.122142857143,test
2025-10-07,16456.22,23.508885714285714,14.863128571428572,11.146328571428572,19.037385714285715,2.1368714285714288,700,11.0,2025,10,7,1,0,280,True,False,False,False,17236.465,16403.23,15642.031428571428,15328.928214285714,test
2025-10-08,17086.87,24.409814285714283,14.508685714285715,10.521314285714286,19.78045714285714,2.7620857142857145,700,12.0,2025,10,8,2,0,281,True,False,False,False,16456.22,16368.42,15649.60142857143,15391.302142857141,test
2025-10-09,16661.65,23.802357142857144,14.866285714285715,11.292414285714285,19.885357142857142,2.3686,700,11.857142857142858,2025,10,9,3,0,282,True,False,False,False,17086.87,16895.27,15752.237142857144,15443.7625,test
2025-10-10,16398.03,23.42575714285714,15.1423,11.154385714285715,19.841942857142858,2.0397000000000003,700,11.714285714285715,2025,10,10,4,0,283,True,False,False,False,16661.65,17249.075,15718.862857142858,15490.277142857143,test
2025-10-11,12405.455,17.722078571428572,14.874385714285713,11.001857142857142,20.015128571428573,2.2771142857142856,700,11.0,2025,10,11,5,1,284,True,False,False,False,16398.03,12666.405,15597.285000000002,15517.923928571428,test
2025-10-12,12352.115,17.64587857142857,14.481928571428572,10.219457142857143,18.104057142857144,2.5216142857142856,700,11.142857142857142,2025,10,12,6,1,285,True,False,False,False,12405.455,12675.355,15560.00642857143,15499.908571428572,test
2025-10-13,17261.995,24.659992857142857,13.149471428571427,8.666342857142856,18.416700000000002,3.8505285714285713,700,11.285714285714285,2025,10,13,0,0,286,True,False,False,False,12352.115,17236.465,15513.829285714284,15527.529285714287,test
2025-10-14,17538.83,25.05547142857143,13.201257142857141,8.44502857142857,18.0836,3.798742857142857,700,12.285714285714286,2025,10,14,1,0,287,True,False,False,False,17261.995,16456.22,15517.476428571428,15579.753928571428,test
2025-10-15,17966.105,25.665864285714285,11.355314285714286,7.940400000000001,15.850442857142857,5.644685714285715,700,13.285714285714286,2025,10,15,2,0,288,True,False,False,False,17538.83,17086.87,15672.135,15660.868214285714,test
2025-10-16,17431.62,24.902314285714283,12.852257142857143,9.479928571428571,18.363357142857144,4.147742857142857,700,12.142857142857142,2025,10,16,3,0,289,True,False,False,False,17966.105,16661.65,15797.740000000002,15774.988571428572,test
2025-10-17,17495.975,24.994249999999997,12.634214285714286,9.314657142857143,17.950357142857143,4.365785714285714,700,12.714285714285714,2025,10,17,4,0,290,True,False,False,False,17431.62,16398.03,15907.735714285713,15813.299285714285,test
2025-10-18,13026.52,18.609314285714287,13.393242857142857,9.176,17.905057142857142,3.644842857142857,700,12.142857142857142,2025,10,18,5,1,291,True,False,False,False,17495.975,12405.455,16064.585000000001,15830.935,test
2025-10-19,13215.62,18.879457142857145,12.395414285714287,7.7052000000000005,17.831642857142857,4.604585714285714,700,11.571428571428571,2025,10,19,6,1,292,True,False,False,False,13026.52,12352.115,16153.30857142857,15856.6575,test
2025-10-20,17456.74,24.938200000000002,12.923399999999999,9.155557142857141,18.490385714285715,4.205028571428572,700,12.142857142857142,2025,10,20,0,0,293,True,False,False,False,13215.62,17261.995,16276.66642857143,15895.247857142856,test
2025-10-21,17843.745,25.491064285714284,11.150871428571428,6.823757142857143,14.940942857142858,5.8491285714285715,700,14.000000000000002,2025,10,21,1,0,294,True,False,False,False,17456.74,17538.83,16304.487142857144,15910.981785714288,test
2025-10-22,18314.05,26.16292857142857,10.457685714285715,6.404271428571429,15.793828571428572,6.542314285714285,700,13.0,2025,10,22,2,0,295,True,False,False,False,17843.745,17966.105,16348.046428571428,16010.090714285716,test
2025-10-23,17552.59,25.07512857142857,12.638585714285714,8.50242857142857,16.929771428571428,4.361414285714285,700,12.0,2025,10,23,3,0,296,True,False,False,False,18314.05,17431.62,16397.752857142856,16097.746428571427,test
2025-10-24,17618.76,25.16965714285714,12.382842857142856,9.112185714285713,17.295314285714284,4.617157142857143,700,12.571428571428573,2025,10,24,4,0,297,True,False,False,False,17552.59,17495.975,16415.034285714286,16161.384999999998,test
2025-10-25,13460.775,19.229678571428572,12.137614285714285,8.398257142857142,15.677957142857142,4.862385714285715,700,12.285714285714286,2025,10,25,5,1,298,True,False,False,False,17618.76,13026.52,16432.575,16248.58,test
2025-10-26,13894.06,19.848657142857142,10.888599999999999,7.100971428571429,16.757185714285715,6.111400000000001,700,11.857142857142858,2025,10,26,6,1,299,True,False,False,False,13460.775,13215.62,16494.61142857143,16323.960000000001,test
2025-10-27,17745.49,25.350700000000003,12.306657142857143,8.9594,17.166542857142858,4.6933428571428575,700,12.428571428571429,2025,10,27,0,0,300,True,False,False,False,13894.06,17456.74,16591.53142857143,16434.098928571428,test
2025-10-28,18272.115,26.10302142857143,10.603157142857143,6.222914285714285,15.754585714285714,6.3968428571428575,700,13.571428571428571,2025,10,28,1,0,301,True,False,False,False,17745.49,17843.745,16632.78142857143,16468.634285714284,test
2025-10-29,17583.45,25.119214285714285,12.657300000000001,8.7951,17.603928571428572,4.3427,700,11.857142857142858,2025,10,29,2,0,302,True,False,False,False,18272.115,18314.05,16693.977142857144,16521.011785714287,test
2025-10-30,18166.295,25.951849999999997,10.815128571428572,6.935214285714285,15.664485714285714,6.184871428571428,700,12.285714285714286,2025,10,30,3,0,303,True,False,False,False,17583.45,17552.59,16589.605714285713,16493.679285714286,test
2025-10-31,18042.42,25.774885714285713,11.030485714285714,6.519228571428571,16.349485714285713,5.969514285714285,700,12.428571428571429,2025,10,31,4,0,304,True,False,False,False,18166.295,17618.76,16677.277857142857,16546.15607142857,test
2025-11-01,14117.06,20.16722857142857,10.477685714285714,6.7599,15.828071428571429,6.522314285714286,700,11.714285714285715,2025,11,1,5,1,305,True,False,False,False,18042.42,13460.775,16737.800714285713,16585.187857142857,test
2025-11-02,14109.275,20.15610714285714,10.705842857142857,6.6608857142857145,15.136814285714287,6.294157142857142,700,10.571428571428571,2025,11,2,6,1,306,True,False,False,False,14117.06,13894.06,16831.555714285714,16663.08357142857,test
2025-11-03,18826.115,26.894450000000003,9.494328571428571,5.0907,14.223142857142856,7.5056714285714285,700,13.714285714285715,2025,11,3,0,0,307,True,False,False,False,14109.275,17745.49,16862.300714285713,16726.91607142857,test
2025-11-04,18780.335,26.82905,9.387957142857143,5.678371428571428,14.315628571428572,7.612042857142858,700,13.285714285714286,2025,11,4,1,0,308,True,False,False,False,18826.115,18272.115,17016.675714285717,16824.72857142857,test
2025-11-05,18604.715,26.578164285714287,9.926657142857144,5.732957142857143,14.592814285714285,7.073342857142857,700,13.285714285714286,2025,11,5,2,0,309,True,False,False,False,18780.335,17583.45,17089.27857142857,16891.627857142856,test
2025-11-06,18034.03,25.7629,11.011385714285714,7.056757142857143,15.391928571428572,5.988614285714285,700,12.428571428571429,2025,11,6,3,0,310,True,False,False,False,18604.715,18166.295,17235.17357142857,16912.389642857142,test
2025-11-07,18616.005,26.594292857142857,10.120914285714287,5.8140285714285715,14.771485714285715,6.879085714285714,700,13.571428571428571,2025,11,7,4,0,311,True,False,False,False,18034.03,18042.42,17216.27857142857,16946.778214285714,test
2025-11-08,14175.38,20.250542857142857,10.223871428571428,5.885871428571428,14.931171428571428,6.776128571428571,700,11.714285714285715,2025,11,8,5,1,312,True,False,False,False,18616.005,14117.06,17298.219285714287,17018.010000000002,test
2025-11-09,14486.3,20.694714285714284,8.854414285714286,5.1018,14.173114285714286,8.145585714285714,700,12.0,2025,11,9,6,1,313,True,False,False,False,14175.38,14109.275,17306.550714285717,17069.053214285716,test
2025-11-10,19063.155,27.23307857142857,8.4328,4.278771428571428,12.83587142857143,8.5672,700,14.285714285714285,2025,11,10,0,0,314,True,False,False,False,14486.3,18826.115,17360.411428571428,17111.356071428574,test
2025-11-11,18771.605,26.816578571428572,9.33317142857143,5.032742857142857,15.11667142857143,7.666828571428571,700,14.000000000000002,2025,11,11,1,0,315,True,False,False,False,19063.155,18780.335,17394.274285714284,17205.475,test
2025-11-12,19579.33,27.970471428571432,7.087914285714286,3.4876714285714283,12.341942857142858,9.912085714285714,700,15.285714285714286,2025,11,12,2,0,316,True,False,False,False,18771.605,18604.715,17393.027142857143,17241.152857142857,test
2025-11-13,18849.52,26.927885714285715,8.858157142857143,3.7878142857142856,13.978714285714286,8.141842857142857,700,14.428571428571429,2025,11,13,3,0,317,True,False,False,False,19579.33,18034.03,17532.257857142857,17383.715714285714,test
2025-11-14,19408.14,27.725914285714286,7.596442857142858,2.8909714285714285,12.370042857142858,9.403557142857142,700,12.857142857142856,2025,11,14,4,0,318,True,False,False,False,18849.52,18616.005,17648.75642857143,17432.517499999998,test
2025-11-15,14606.04,20.86577142857143,8.828942857142858,5.146314285714285,13.913928571428572,8.171057142857142,700,12.285714285714286,2025,11,15,5,1,319,True,False,False,False,19408.14,14175.38,17761.91857142857,17530.06892857143,test
2025-11-16,14714.765,21.021092857142857,8.540857142857144,5.023714285714286,13.913514285714285,8.459142857142856,700,10.714285714285714,2025,11,16,6,1,320,True,False,False,False,14606.04,14486.3,17823.441428571427,17564.996071428573,test
2025-11-17,19088.165,27.268807142857145,8.535785714285714,4.3835,13.76972857142857,8.464214285714286,700,12.857142857142856,2025,11,17,0,0,321,True,False,False,False,14714.765,19063.155,17856.079285714288,17608.245357142856,test
2025-11-18,18088.475,25.84067857142857,10.6207,7.674714285714286,15.227857142857143,6.379300000000001,700,13.285714285714286,2025,11,18,1,0,322,True,False,False,False,19088.165,18771.605,17859.652142857143,17626.963214285715,test
2025-11-19,19012.135,27.160192857142857,8.914200000000001,5.251157142857143,13.026985714285713,8.085799999999999,700,13.714285714285715,2025,11,19,2,0,323,True,False,False,False,18088.475,19579.33,17762.062142857143,17577.54464285714,test
2025-11-20,19033.83,27.191185714285716,8.275799999999998,5.551485714285715,13.765657142857142,8.724200000000002,700,13.714285714285715,2025,11,20,3,0,324,True,False,False,False,19012.135,18849.52,17681.034285714286,17606.64607142857,test
2025-11-21,19617.425,28.024892857142856,7.038857142857142,3.2270285714285714,13.340257142857144,9.961142857142857,700,13.857142857142858,2025,11,21,4,0,325,True,False,False,False,19033.83,19408.14,17707.364285714288,17678.06035714286,test
2025-11-22,15194.305,21.70615,7.344671428571429,3.6516285714285712,11.539942857142858,9.655328571428571,700,11.285714285714285,2025,11,22,5,1,326,True,False,False,False,19617.425,14606.04,17737.262142857144,17749.590357142857,test
2025-11-23,14955.875,21.365535714285713,8.178485714285715,3.5434857142857146,13.250985714285715,8.821514285714287,700,11.714285714285715,2025,11,23,6,1,327,True,False,False,False,15194.305,14714.765,17821.3,17822.370714285713,test
2025-11-24,19847.79,28.353985714285717,6.091571428571429,1.8122142857142856,10.852671428571428,10.908428571428571,700,14.857142857142858,2025,11,24,0,0,328,True,False,False,False,14955.875,19088.165,17855.744285714285,17855.911785714285,test
2025-11-25,19480.255,27.828935714285716,7.4695857142857145,3.9025,12.224914285714286,9.530414285714286,700,15.428571428571427,2025,11,25,1,0,329,True,False,False,False,19847.79,18088.475,17964.26214285714,17911.957142857143,test
2025-11-26,19273.285,27.533264285714285,7.148214285714285,3.468371428571429,12.311357142857144,9.851785714285715,700,14.142857142857142,2025,11,26,2,0,330,True,False,False,False,19480.255,19012.135,18163.08785714286,17962.575,test
2025-11-27,19175.465,27.39352142857143,7.8754,3.343242857142857,13.525157142857143,9.124600000000001,700,14.428571428571429,2025,11,27,3,0,331,True,False,False,False,19273.285,19033.83,18200.395,17940.714642857143,test
2025-11-28,19538.87,27.91267142857143,7.0216,2.9406857142857143,11.943928571428572,9.9784,700,14.142857142857142,2025,11,28,4,0,332,True,False,False,False,19175.465,19617.425,18220.628571428573,17963.99642857143,test
2025-11-29,15061.47,21.516385714285715,7.473528571428572,3.3082714285714285,12.772242857142857,9.526471428571428,700,11.142857142857142,2025,11,29,5,1,333,True,False,False,False,19538.87,15194.305,18209.40642857143,17973.334285714285,test
2025-11-30,14958.87,21.369814285714288,8.000885714285713,3.9324142857142856,12.636971428571428,8.999114285714287,700,11.714285714285715,2025,11,30,6,1,334,True,False,False,False,15061.47,14955.875,18190.43,18005.865,test
2025-12-01,19530.535,27.900764285714285,7.952528571428572,4.874442857142856,13.7233,9.047471428571429,700,14.857142857142858,2025,12,1,0,0,335,False,False,True,False,14958.87,19847.79,18190.85785714286,18023.30107142857,test
2025-12-02,20233.76,28.905371428571428,6.320200000000001,3.3356999999999997,10.451642857142856,10.6798,700,14.142857142857142,2025,12,2,1,0,336,False,False,True,False,19530.535,19480.255,18145.535714285714,18054.898928571427,test
2025-12-03,20064.795,28.663992857142855,6.5699000000000005,3.0044571428571425,11.852,10.4301,700,15.0,2025,12,3,2,0,337,False,False,True,False,20233.76,19273.285,18253.179285714283,18208.13357142857,test
2025-12-04,20046.685,28.63812142857143,7.056385714285715,2.6042285714285716,12.911685714285715,9.943614285714286,700,14.285714285714285,2025,12,4,3,0,338,False,False,True,False,20064.795,19175.465,18366.25214285714,18283.323571428573,test
2025-12-05,20496.245,29.28035,5.652714285714286,2.3499285714285714,10.747042857142857,11.347285714285714,700,14.571428571428571,2025,12,5,4,0,339,False,False,True,False,20046.685,19538.87,18490.71214285714,18355.670357142855,test
2025-12-06,16259.145,23.22735,5.386271428571429,1.3668,11.126471428571428,11.61372857142857,700,11.0,2025,12,6,5,1,340,False,False,True,False,20496.245,15061.47,18627.48,18418.443214285715,test
2025-12-07,16278.2,23.25457142857143,5.121685714285714,1.7312142857142856,11.0825,11.878314285714286,700,11.0,2025,12,7,6,1,341,False,False,True,False,16259.145,14958.87,18798.57642857143,18494.503214285716,test
2025-12-08,20295.645,28.99377857142857,5.865214285714285,2.2397,11.05097142857143,11.134785714285714,700,15.0,2025,12,8,0,0,342,False,False,True,False,16278.2,19530.535,18987.05214285714,18588.954999999998,test
2025-12-09,20392.975,29.132821428571425,5.669085714285714,1.5828857142857142,9.9481,11.330914285714286,700,14.571428571428571,2025,12,9,1,0,343,False,False,True,False,20295.645,20233.76,19096.35357142857,18620.944642857143,test
2025-12-10,20698.275,29.568964285714287,4.5536,0.7606142857142858,9.404185714285715,12.446399999999999,700,15.571428571428573,2025,12,10,2,0,344,False,False,True,False,20392.975,20064.795,19119.09857142857,18686.13892857143,test
2025-12-11,20625.3,29.464714285714283,5.182057142857143,1.7844285714285713,10.427757142857143,11.817942857142857,700,14.142857142857142,2025,12,11,3,0,345,False,False,True,False,20698.275,20046.685,19209.595714285715,18787.92392857143,test
2025-12-12,20627.845,29.46835,5.222442857142857,1.7303142857142857,10.905871428571428,11.777557142857141,700,15.714285714285714,2025,12,12,4,0,346,False,False,True,False,20625.3,20496.245,19292.255,18891.483571428573,test
2025-12-13,16224.495,23.17785,5.5349571428571425,0.6830571428571429,11.674328571428571,11.465042857142857,700,11.857142857142858,2025,12,13,5,1,347,False,False,True,False,20627.845,16259.145,19311.055,18969.267499999998,test
2025-12-14,16477.82,23.53974285714286,4.775071428571429,0.6517999999999999,9.641657142857143,12.224928571428572,700,12.142857142857142,2025,12,14,6,1,348,False,False,True,False,16224.495,16278.2,19306.105000000003,19052.340714285714,test
2025-12-15,20404.170000000002,29.148814285714288,5.512714285714285,2.288957142857143,10.104214285714285,11.487285714285715,700,15.0,2025,12,15,0,0,349,False,False,True,False,16477.82,20295.645,19334.62214285714,19160.83714285714,test
2025-12-16,20518.33,29.3119,5.136928571428572,0.8117142857142856,10.476942857142857,11.863071428571429,700,15.142857142857144,2025,12,16,1,0,350,False,False,True,False,20404.170000000002,20392.975,19350.125714285714,19223.23964285714,test
2025-12-17,20814.68,29.735257142857144,4.1204,-0.41684285714285724,8.762028571428571,12.8796,700,15.857142857142856,2025,12,17,2,0,351,False,False,True,False,20518.33,20698.275,19368.033571428572,19243.56607142857,test
2025-12-18,20728.215,29.611735714285714,4.857842857142857,0.9364285714285714,9.6235,12.142157142857144,700,14.571428571428571,2025,12,18,3,0,352,False,False,True,False,20814.68,20625.3,19384.66285714286,19297.129285714287,test
2025-12-19,20150.74,28.78677142857143,6.821400000000001,2.4693285714285715,11.618085714285714,10.1786,700,14.285714285714285,2025,12,19,4,0,353,False,False,True,False,20728.215,20627.845,19399.364999999998,19345.81,test
2025-12-20,16404.58,23.43511428571429,4.929242857142857,0.26617142857142856,11.422300000000002,12.070757142857143,700,12.428571428571429,2025,12,20,5,1,354,False,False,True,False,20150.74,16224.495,19331.207142857143,19321.131071428572,test
2025-12-21,16578.305,23.683292857142856,4.332214285714286,0.1102714285714286,9.154814285714286,12.667785714285715,700,11.714285714285715,2025,12,21,6,1,355,False,False,True,False,16404.58,16477.82,19356.933571428573,19331.519285714287,test
2025-12-22,20572.65,29.3895,5.175,0.8505571428571428,10.468471428571428,11.825,700,15.285714285714286,2025,12,22,0,0,356,False,False,True,False,16578.305,20404.170000000002,19371.288571428573,19352.95535714286,test
2025-12-23,20496.3,29.28042857142857,5.5268,1.4168285714285713,10.684142857142856,11.4732,700,15.0,2025,12,23,1,0,357,False,False,True,False,20572.65,20518.33,19395.35714285714,19372.74142857143,test
2025-12-24,20611.885,29.445549999999997,5.214685714285714,1.5120428571428572,10.159757142857142,11.785314285714286,700,15.428571428571427,2025,12,24,2,0,358,False,False,True,False,20496.3,20814.68,19392.21,19380.121785714287,test
2025-12-25,20650.63,29.5009,5.037471428571428,0.5078142857142858,9.770214285714285,11.962528571428573,700,14.000000000000002,2025,12,25,3,0,359,False,False,True,False,20611.885,20728.215,19363.239285714284,19373.95107142857,test
2025-12-26,20848.935,29.78419285714286,5.033357142857143,1.3782571428571428,9.984114285714286,11.966642857142856,700,14.714285714285714,2025,12,26,4,0,360,False,False,True,False,20650.63,20150.74,19352.155714285713,19375.76035714286,test
2025-12-27,16404.435,23.434907142857146,4.191928571428571,-0.04384285714285709,8.120914285714287,12.808071428571427,700,11.142857142857142,2025,12,27,5,1,361,False,False,True,False,20848.935,16404.58,19451.897857142856,19391.552499999998,test
2025-12-28,16050.435,22.929192857142855,5.319171428571429,1.199357142857143,9.503228571428572,11.680828571428572,700,11.857142857142858,2025,12,28,6,1,362,False,False,True,False,16404.435,16578.305,19451.877142857145,19404.40535714286,test
2025-12-29,21526.44,30.75205714285714,2.3026,-1.9520857142857144,7.5201714285714285,14.6974,700,16.142857142857142,2025,12,29,0,0,363,False,False,True,False,16050.435,20572.65,19376.467142857146,19373.87785714286,test
2025-12-30,20567.235,29.381764285714286,5.119871428571428,1.1321428571428571,11.140857142857143,11.880128571428571,700,15.142857142857144,2025,12,30,1,0,364,False,False,True,False,21526.44,20496.3,19512.722857142857,19454.04,test
2025-12-31,20643.19,29.490271428571425,5.356242857142857,1.689485714285714,10.71567142857143,11.643757142857144,700,14.571428571428571,2025,12,31,2,0,365,False,False,True,False,20567.235,20611.885,19522.856428571427,19457.533214285715,test
